sampleID,pigID,site,type,diet,NEC,description,litter,letter,group,NEC.group,group.NEC,feeding,farm,sex,dob,weight.b,dod,tod,euth,weight.d,pj.vh,pj.cd,di.vh,di.cd,co.cd,clin.st,clin.je,clin.il,clin.co,clin.nec,hist.pj,hist.di,hist.co,hist.nec,image.index,notes,clin.tot,hist.tot,clin.max,hist.max,clin.nec.c,hrs.after.feed,weight.gain
200F.cecum,200F,Colon,Contents,CSS,NEC,Fed,200,F,CSS,NEC-CSS,CSS-NEC,eg,prison,F,11/7/2012,900,11/14/2012,3,N,1498,267.35,79.75,341.3,65.75,246.3,1,4,4,2,NEC,3,3,2,NEC,,,11,8,4,3,NEC,111,143.6636637
200I.DI.tissue,200F,Ileum,Tissue,CSS,NEC,Fed,200,F,CSS,NEC-CSS,CSS-NEC,eg,prison,F,11/7/2012,900,11/14/2012,3,N,1498,267.35,79.75,341.3,65.75,246.3,1,4,4,2,NEC,3,3,2,NEC,,,11,8,4,3,NEC,111,143.6636637
200P.cecum,200P,Colon,Contents,CSS,NEC,Fed,200,P,CSS,NEC-CSS,CSS-NEC,eg,prison,F,11/7/2012,1268,11/14/2012,6,N,1999,249.65,88.85,250.1,118.25,290.7,4,5,6,5,NEC,3,2,2,NEC,,"necrotic, pale, dilated loops, especially PJ, possible perf of stomach",20,7,6,3,NEC,114,121.368089
200P.DI.tissue,200P,Ileum,Tissue,CSS,NEC,Fed,200,P,CSS,NEC-CSS,CSS-NEC,eg,prison,F,11/7/2012,1268,11/14/2012,6,N,1999,249.65,88.85,250.1,118.25,290.7,4,5,6,5,NEC,3,2,2,NEC,,"necrotic, pale, dilated loops, especially PJ, possible perf of stomach",20,7,6,3,NEC,114,121.368089
200P.colon.tissue,200P,Colon,Tissue,CSS,NEC,Fed,200,P,CSS,NEC-CSS,CSS-NEC,eg,prison,F,11/7/2012,1268,11/14/2012,6,N,1999,249.65,88.85,250.1,118.25,290.7,4,5,6,5,NEC,3,2,2,NEC,,"necrotic, pale, dilated loops, especially PJ, possible perf of stomach",20,7,6,3,NEC,114,121.368089
204A.colon,204A,Colon,Contents,Newborn,Healthy,Newborn,204,A,NEW,NEW,NEW,NA,prison,M,2/20/2013,NA,2/20/2013,NA,NA,NA,390,84,556,101,252,NA,NA,NA,NA,NA,NA,NA,NA,NA,,,NA,NA,NA,NA,NA,NA,NA
204A.colon.tissue,204A,Colon,Tissue,Newborn,Healthy,Newborn,204,A,NEW,NEW,NEW,NA,prison,M,2/20/2013,NA,2/20/2013,NA,NA,NA,390,84,556,101,252,NA,NA,NA,NA,NA,NA,NA,NA,NA,,,NA,NA,NA,NA,NA,NA,NA
204A.Ile,204A,Ileum,Contents,Newborn,Healthy,Newborn,204,A,NEW,NEW,NEW,NA,prison,M,2/20/2013,NA,2/20/2013,NA,NA,NA,390,84,556,101,252,NA,NA,NA,NA,NA,NA,NA,NA,NA,,,NA,NA,NA,NA,NA,NA,NA
204A.stom.1,204A,Stomach,Contents,Newborn,Healthy,Newborn,204,A,NEW,NEW,NEW,NA,prison,M,2/20/2013,NA,2/20/2013,NA,NA,NA,390,84,556,101,252,NA,NA,NA,NA,NA,NA,NA,NA,NA,,,NA,NA,NA,NA,NA,NA,NA
204A.stom.2,204A,Stomach,Contents,Newborn,Healthy,Newborn,204,A,NEW,NEW,NEW,NA,prison,M,2/20/2013,NA,2/20/2013,NA,NA,NA,390,84,556,101,252,NA,NA,NA,NA,NA,NA,NA,NA,NA,,,NA,NA,NA,NA,NA,NA,NA
204A.DI.tissue,204A,Ileum,Tissue,Newborn,Healthy,Newborn,204,A,NEW,NEW,NEW,NA,prison,M,2/20/2013,NA,2/20/2013,NA,NA,NA,390,84,556,101,252,NA,NA,NA,NA,NA,NA,NA,NA,NA,,,NA,NA,NA,NA,NA,NA,NA
204B.colon.tissue,204B,Colon,Tissue,MIX,NEC,Fed,204,B,MIX,NEC-MIX,MIX-NEC,eg,prison,M,2/20/2013,801,2/26/2013,13,N,1175,270,50,405,64,165,6,5,6,5,NEC,3,2,1,NEC,,,22,6,6,3,NEC,97,115.525696
204B.colon,204B,Colon,Contents,MIX,NEC,Fed,204,B,MIX,NEC-MIX,MIX-NEC,eg,prison,M,2/20/2013,801,2/26/2013,13,N,1175,270,50,405,64,165,6,5,6,5,NEC,3,2,1,NEC,,,22,6,6,3,NEC,97,115.525696
204B.DI,204B,Ileum,Contents,MIX,NEC,Fed,204,B,MIX,NEC-MIX,MIX-NEC,eg,prison,M,2/20/2013,801,2/26/2013,13,N,1175,270,50,405,64,165,6,5,6,5,NEC,3,2,1,NEC,,,22,6,6,3,NEC,97,115.525696
204B.DI.tissue,204B,Ileum,Tissue,MIX,NEC,Fed,204,B,MIX,NEC-MIX,MIX-NEC,eg,prison,M,2/20/2013,801,2/26/2013,13,N,1175,270,50,405,64,165,6,5,6,5,NEC,3,2,1,NEC,,,22,6,6,3,NEC,97,115.525696
204B.stom,204B,Stomach,Contents,MIX,NEC,Fed,204,B,MIX,NEC-MIX,MIX-NEC,eg,prison,M,2/20/2013,801,2/26/2013,13,N,1175,270,50,405,64,165,6,5,6,5,NEC,3,2,1,NEC,,,22,6,6,3,NEC,97,115.525696
204C.colon,204C,Colon,Contents,CSS,NEC,Fed,204,C,CSS,NEC-CSS,CSS-NEC,eg,prison,M,2/20/2013,806,2/24/2013,21.5,N,956,230,64,209,78,NA,4,4,5,6,NEC,2,3,4,NEC,,No villi in colon,19,9,6,4,NEC,57.5,77.67828245
204C.colon.tissue,204C,Colon,Tissue,CSS,NEC,Fed,204,C,CSS,NEC-CSS,CSS-NEC,eg,prison,M,2/20/2013,806,2/24/2013,21.5,N,956,230,64,209,78,NA,4,4,5,6,NEC,2,3,4,NEC,,No villi in colon,19,9,6,4,NEC,57.5,77.67828245
204C.DI,204C,Ileum,Contents,CSS,NEC,Fed,204,C,CSS,NEC-CSS,CSS-NEC,eg,prison,M,2/20/2013,806,2/24/2013,21.5,N,956,230,64,209,78,NA,4,4,5,6,NEC,2,3,4,NEC,,No villi in colon,19,9,6,4,NEC,57.5,77.67828245
204C.DI.tissue,204C,Ileum,Tissue,CSS,NEC,Fed,204,C,CSS,NEC-CSS,CSS-NEC,eg,prison,M,2/20/2013,806,2/24/2013,21.5,N,956,230,64,209,78,NA,4,4,5,6,NEC,2,3,4,NEC,,No villi in colon,19,9,6,4,NEC,57.5,77.67828245
204C.stom,204C,Stomach,Contents,CSS,NEC,Fed,204,C,CSS,NEC-CSS,CSS-NEC,eg,prison,M,2/20/2013,806,2/24/2013,21.5,N,956,230,64,209,78,NA,4,4,5,6,NEC,2,3,4,NEC,,No villi in colon,19,9,6,4,NEC,57.5,77.67828245
204D.stom,204D,Stomach,Contents,MIX,NEC,Fed,204,D,MIX,NEC-MIX,MIX-NEC,eg,prison,F,2/20/2013,891,2/27/2013,9,Y,1500,264,97,213,100,136,1,3,6,4,NEC,3,2,2,NEC,,,14,7,6,3,NEC,117,140.2054735
204D.colon,204D,Colon,Contents,MIX,NEC,Fed,204,D,MIX,NEC-MIX,MIX-NEC,eg,prison,F,2/20/2013,891,2/27/2013,9,Y,1500,264,97,213,100,136,1,3,6,4,NEC,3,2,2,NEC,,,14,7,6,3,NEC,117,140.2054735
204D.colon.tissue,204D,Colon,Tissue,MIX,NEC,Fed,204,D,MIX,NEC-MIX,MIX-NEC,eg,prison,F,2/20/2013,891,2/27/2013,9,Y,1500,264,97,213,100,136,1,3,6,4,NEC,3,2,2,NEC,,,14,7,6,3,NEC,117,140.2054735
204D.DI.tissue,204D,Ileum,Tissue,MIX,NEC,Fed,204,D,MIX,NEC-MIX,MIX-NEC,eg,prison,F,2/20/2013,891,2/27/2013,9,Y,1500,264,97,213,100,136,1,3,6,4,NEC,3,2,2,NEC,,,14,7,6,3,NEC,117,140.2054735
204D.DI,204D,Ileum,Contents,MIX,NEC,Fed,204,D,MIX,NEC-MIX,MIX-NEC,eg,prison,F,2/20/2013,891,2/27/2013,9,Y,1500,264,97,213,100,136,1,3,6,4,NEC,3,2,2,NEC,,,14,7,6,3,NEC,117,140.2054735
204E.colon,204E,Colon,Contents,CSS,NEC,Fed,204,E,CSS,NEC-CSS,CSS-NEC,eg,prison,M,2/20/2013,728,2/25/2013,5.75,N,929,478,107,NA,86,149,4,4,5,5,NEC,2,4,3,NEC,,No villi in DI,18,9,5,4,NEC,65.75,100.7813479
204E.colon.tissue,204E,Colon,Tissue,CSS,NEC,Fed,204,E,CSS,NEC-CSS,CSS-NEC,eg,prison,M,2/20/2013,728,2/25/2013,5.75,N,929,478,107,NA,86,149,4,4,5,5,NEC,2,4,3,NEC,,No villi in DI,18,9,5,4,NEC,65.75,100.7813479
204E.DI,204E,Ileum,Contents,CSS,NEC,Fed,204,E,CSS,NEC-CSS,CSS-NEC,eg,prison,M,2/20/2013,728,2/25/2013,5.75,N,929,478,107,NA,86,149,4,4,5,5,NEC,2,4,3,NEC,,No villi in DI,18,9,5,4,NEC,65.75,100.7813479
204E.DI.tissue,204E,Ileum,Tissue,CSS,NEC,Fed,204,E,CSS,NEC-CSS,CSS-NEC,eg,prison,M,2/20/2013,728,2/25/2013,5.75,N,929,478,107,NA,86,149,4,4,5,5,NEC,2,4,3,NEC,,No villi in DI,18,9,5,4,NEC,65.75,100.7813479
204E.stom,204E,Stomach,Contents,CSS,NEC,Fed,204,E,CSS,NEC-CSS,CSS-NEC,eg,prison,M,2/20/2013,728,2/25/2013,5.75,N,929,478,107,NA,86,149,4,4,5,5,NEC,2,4,3,NEC,,No villi in DI,18,9,5,4,NEC,65.75,100.7813479
204F.colon,204F,Colon,Contents,Newborn,Healthy,Newborn,204,F,NEW,NEW,NEW,NA,prison,F,2/20/2013,NA,2/20/2013,NA,NA,NA,325,80,347,85,124,NA,NA,NA,NA,NA,NA,NA,NA,NA,,,NA,NA,NA,NA,NA,NA,NA
204F.colon.tissue,204F,Colon,Tissue,Newborn,Healthy,Newborn,204,F,NEW,NEW,NEW,NA,prison,F,2/20/2013,NA,2/20/2013,NA,NA,NA,325,80,347,85,124,NA,NA,NA,NA,NA,NA,NA,NA,NA,,,NA,NA,NA,NA,NA,NA,NA
204F.DI.tissue,204F,Ileum,Tissue,Newborn,Healthy,Newborn,204,F,NEW,NEW,NEW,NA,prison,F,2/20/2013,NA,2/20/2013,NA,NA,NA,325,80,347,85,124,NA,NA,NA,NA,NA,NA,NA,NA,NA,,,NA,NA,NA,NA,NA,NA,NA
204F.Ile,204F,Ileum,Contents,Newborn,Healthy,Newborn,204,F,NEW,NEW,NEW,NA,prison,F,2/20/2013,NA,2/20/2013,NA,NA,NA,325,80,347,85,124,NA,NA,NA,NA,NA,NA,NA,NA,NA,,,NA,NA,NA,NA,NA,NA,NA
204F.stom,204F,Stomach,Contents,Newborn,Healthy,Newborn,204,F,NEW,NEW,NEW,NA,prison,F,2/20/2013,NA,2/20/2013,NA,NA,NA,325,80,347,85,124,NA,NA,NA,NA,NA,NA,NA,NA,NA,,,NA,NA,NA,NA,NA,NA,NA
204G.DI.tissue,204G,Ileum,Tissue,LAC,Healthy,Fed,204,G,LAC,Healthy-LAC,LAC-Healthy,eg,prison,F,2/20/2013,923,2/27/2013,9.666666667,Y,1467,422,106,577,109,215,1,1,1,1,Healthy,0,0,1,Healthy,,,4,1,1,1,Healthy,117.6666667,120.2139838
204G.stom,204G,Stomach,Contents,LAC,Healthy,Fed,204,G,LAC,Healthy-LAC,LAC-Healthy,eg,prison,F,2/20/2013,923,2/27/2013,9.666666667,Y,1467,422,106,577,109,215,1,1,1,1,Healthy,0,0,1,Healthy,,,4,1,1,1,Healthy,117.6666667,120.2139838
204G.DI,204G,Ileum,Contents,LAC,Healthy,Fed,204,G,LAC,Healthy-LAC,LAC-Healthy,eg,prison,F,2/20/2013,923,2/27/2013,9.666666667,Y,1467,422,106,577,109,215,1,1,1,1,Healthy,0,0,1,Healthy,,,4,1,1,1,Healthy,117.6666667,120.2139838
204G.colon.tissue,204G,Colon,Tissue,LAC,Healthy,Fed,204,G,LAC,Healthy-LAC,LAC-Healthy,eg,prison,F,2/20/2013,923,2/27/2013,9.666666667,Y,1467,422,106,577,109,215,1,1,1,1,Healthy,0,0,1,Healthy,,,4,1,1,1,Healthy,117.6666667,120.2139838
204G.colon,204G,Colon,Contents,LAC,Healthy,Fed,204,G,LAC,Healthy-LAC,LAC-Healthy,eg,prison,F,2/20/2013,923,2/27/2013,9.666666667,Y,1467,422,106,577,109,215,1,1,1,1,Healthy,0,0,1,Healthy,,,4,1,1,1,Healthy,117.6666667,120.2139838
204H.DI.tissue,204H,Ileum,Tissue,LAC,Healthy,Fed,204,H,LAC,Healthy-LAC,LAC-Healthy,eg,prison,F,2/20/2013,953,2/27/2013,10.41666667,Y,1527,283,91,437,96,181,1,1,1,1,Healthy,1,0,1,Healthy,,,4,2,1,1,Healthy,118.4166667,122.0723771
204H.stom.1,204H,Stomach,Contents,LAC,Healthy,Fed,204,H,LAC,Healthy-LAC,LAC-Healthy,eg,prison,F,2/20/2013,953,2/27/2013,10.41666667,Y,1527,283,91,437,96,181,1,1,1,1,Healthy,1,0,1,Healthy,,,4,2,1,1,Healthy,118.4166667,122.0723771
204H.DI,204H,Ileum,Contents,LAC,Healthy,Fed,204,H,LAC,Healthy-LAC,LAC-Healthy,eg,prison,F,2/20/2013,953,2/27/2013,10.41666667,Y,1527,283,91,437,96,181,1,1,1,1,Healthy,1,0,1,Healthy,,,4,2,1,1,Healthy,118.4166667,122.0723771
204H.colon,204H,Colon,Contents,LAC,Healthy,Fed,204,H,LAC,Healthy-LAC,LAC-Healthy,eg,prison,F,2/20/2013,953,2/27/2013,10.41666667,Y,1527,283,91,437,96,181,1,1,1,1,Healthy,1,0,1,Healthy,,,4,2,1,1,Healthy,118.4166667,122.0723771
204H.colon.tissue,204H,Colon,Tissue,LAC,Healthy,Fed,204,H,LAC,Healthy-LAC,LAC-Healthy,eg,prison,F,2/20/2013,953,2/27/2013,10.41666667,Y,1527,283,91,437,96,181,1,1,1,1,Healthy,1,0,1,Healthy,,,4,2,1,1,Healthy,118.4166667,122.0723771
204I.DI.tissue,204I,Ileum,Tissue,LAC,Healthy,Fed,204,I,LAC,Healthy-LAC,LAC-Healthy,eg,prison,M,2/20/2013,1248,2/27/2013,10.91666667,Y,1947,250,99,532,96,196,1,1,1,1,Healthy,1,0,1,Healthy,,,4,2,1,1,Healthy,118.9166667,113.0397283
204I.colon,204I,Colon,Contents,LAC,Healthy,Fed,204,I,LAC,Healthy-LAC,LAC-Healthy,eg,prison,M,2/20/2013,1248,2/27/2013,10.91666667,Y,1947,250,99,532,96,196,1,1,1,1,Healthy,1,0,1,Healthy,,,4,2,1,1,Healthy,118.9166667,113.0397283
204I.stom,204I,Stomach,Contents,LAC,Healthy,Fed,204,I,LAC,Healthy-LAC,LAC-Healthy,eg,prison,M,2/20/2013,1248,2/27/2013,10.91666667,Y,1947,250,99,532,96,196,1,1,1,1,Healthy,1,0,1,Healthy,,,4,2,1,1,Healthy,118.9166667,113.0397283
204I.colon.tissue,204I,Colon,Tissue,LAC,Healthy,Fed,204,I,LAC,Healthy-LAC,LAC-Healthy,eg,prison,M,2/20/2013,1248,2/27/2013,10.91666667,Y,1947,250,99,532,96,196,1,1,1,1,Healthy,1,0,1,Healthy,,,4,2,1,1,Healthy,118.9166667,113.0397283
204I.DI,204I,Ileum,Contents,LAC,Healthy,Fed,204,I,LAC,Healthy-LAC,LAC-Healthy,eg,prison,M,2/20/2013,1248,2/27/2013,10.91666667,Y,1947,250,99,532,96,196,1,1,1,1,Healthy,1,0,1,Healthy,,,4,2,1,1,Healthy,118.9166667,113.0397283
204K.colon.tissue,204K,Colon,Tissue,MIX,Healthy,Fed,204,K,MIX,Healthy-MIX,MIX-Healthy,eg,prison,M,2/20/2013,1220,2/27/2013,11.5,Y,1850,350,123,468,129,172,1,1,1,1,Healthy,0,0,1,Healthy,,,4,1,1,1,Healthy,119.5,103.7108169
204K.stom,204K,Stomach,Contents,MIX,Healthy,Fed,204,K,MIX,Healthy-MIX,MIX-Healthy,eg,prison,M,2/20/2013,1220,2/27/2013,11.5,Y,1850,350,123,468,129,172,1,1,1,1,Healthy,0,0,1,Healthy,,,4,1,1,1,Healthy,119.5,103.7108169
204K.DI,204K,Ileum,Contents,MIX,Healthy,Fed,204,K,MIX,Healthy-MIX,MIX-Healthy,eg,prison,M,2/20/2013,1220,2/27/2013,11.5,Y,1850,350,123,468,129,172,1,1,1,1,Healthy,0,0,1,Healthy,,,4,1,1,1,Healthy,119.5,103.7108169
204K.DI.tissue,204K,Ileum,Tissue,MIX,Healthy,Fed,204,K,MIX,Healthy-MIX,MIX-Healthy,eg,prison,M,2/20/2013,1220,2/27/2013,11.5,Y,1850,350,123,468,129,172,1,1,1,1,Healthy,0,0,1,Healthy,,,4,1,1,1,Healthy,119.5,103.7108169
204K.colon,204K,Colon,Contents,MIX,Healthy,Fed,204,K,MIX,Healthy-MIX,MIX-Healthy,eg,prison,M,2/20/2013,1220,2/27/2013,11.5,Y,1850,350,123,468,129,172,1,1,1,1,Healthy,0,0,1,Healthy,,,4,1,1,1,Healthy,119.5,103.7108169
204L.colon,204L,Colon,Contents,LAC,Healthy,Fed,204,L,LAC,Healthy-LAC,LAC-Healthy,eg,prison,F,2/20/2013,795,2/27/2013,12.16666667,Y,1135,457,128,612,146,187,1,1,1,1,Healthy,1,0,0,Healthy,,,4,1,1,1,Healthy,120.1666667,85.41595792
204L.stom,204L,Stomach,Contents,LAC,Healthy,Fed,204,L,LAC,Healthy-LAC,LAC-Healthy,eg,prison,F,2/20/2013,795,2/27/2013,12.16666667,Y,1135,457,128,612,146,187,1,1,1,1,Healthy,1,0,0,Healthy,,,4,1,1,1,Healthy,120.1666667,85.41595792
204L.colon.tissue,204L,Colon,Tissue,LAC,Healthy,Fed,204,L,LAC,Healthy-LAC,LAC-Healthy,eg,prison,F,2/20/2013,795,2/27/2013,12.16666667,Y,1135,457,128,612,146,187,1,1,1,1,Healthy,1,0,0,Healthy,,,4,1,1,1,Healthy,120.1666667,85.41595792
204L.DI,204L,Ileum,Contents,LAC,Healthy,Fed,204,L,LAC,Healthy-LAC,LAC-Healthy,eg,prison,F,2/20/2013,795,2/27/2013,12.16666667,Y,1135,457,128,612,146,187,1,1,1,1,Healthy,1,0,0,Healthy,,,4,1,1,1,Healthy,120.1666667,85.41595792
204H.stom.2,204M,Stomach,Contents,CSS,Healthy,Fed,204,M,CSS,Healthy-CSS,CSS-Healthy,eg,prison,F,2/20/2013,1103,2/27/2013,13.43333333,Y,1720,434,120,447,135,182,1,1,1,1,Healthy,1,1,0,Healthy,,,4,2,1,1,Healthy,121.4333333,110.5561679
204M.colon.tissue,204M,Colon,Tissue,CSS,Healthy,Fed,204,M,CSS,Healthy-CSS,CSS-Healthy,eg,prison,F,2/20/2013,1103,2/27/2013,13.43333333,Y,1720,434,120,447,135,182,1,1,1,1,Healthy,1,1,0,Healthy,,,4,2,1,1,Healthy,121.4333333,110.5561679
204M.I,204M,Ileum,Contents,CSS,Healthy,Fed,204,M,CSS,Healthy-CSS,CSS-Healthy,eg,prison,F,2/20/2013,1103,2/27/2013,13.43333333,Y,1720,434,120,447,135,182,1,1,1,1,Healthy,1,1,0,Healthy,,,4,2,1,1,Healthy,121.4333333,110.5561679
204M.colon,204M,Colon,Contents,CSS,Healthy,Fed,204,M,CSS,Healthy-CSS,CSS-Healthy,eg,prison,F,2/20/2013,1103,2/27/2013,13.43333333,Y,1720,434,120,447,135,182,1,1,1,1,Healthy,1,1,0,Healthy,,,4,2,1,1,Healthy,121.4333333,110.5561679
204M.DI.tissue,204M,Ileum,Tissue,CSS,Healthy,Fed,204,M,CSS,Healthy-CSS,CSS-Healthy,eg,prison,F,2/20/2013,1103,2/27/2013,13.43333333,Y,1720,434,120,447,135,182,1,1,1,1,Healthy,1,1,0,Healthy,,,4,2,1,1,Healthy,121.4333333,110.5561679
204N.colon,204N,Colon,Contents,CSS,Healthy,Fed,204,N,CSS,Healthy-CSS,CSS-Healthy,eg,prison,M,2/20/2013,1029,2/27/2013,14,Y,1437,688,127,457,126,148,1,1,1,1,Healthy,0,0,0,Healthy,,,4,0,1,0,Healthy,122,78.00028677
204N.stom,204N,Stomach,Contents,CSS,Healthy,Fed,204,N,CSS,Healthy-CSS,CSS-Healthy,eg,prison,M,2/20/2013,1029,2/27/2013,14,Y,1437,688,127,457,126,148,1,1,1,1,Healthy,0,0,0,Healthy,,,4,0,1,0,Healthy,122,78.00028677
204N.colon.tissue,204N,Colon,Tissue,CSS,Healthy,Fed,204,N,CSS,Healthy-CSS,CSS-Healthy,eg,prison,M,2/20/2013,1029,2/27/2013,14,Y,1437,688,127,457,126,148,1,1,1,1,Healthy,0,0,0,Healthy,,,4,0,1,0,Healthy,122,78.00028677
204N.DI.tissue,204N,Ileum,Tissue,CSS,Healthy,Fed,204,N,CSS,Healthy-CSS,CSS-Healthy,eg,prison,M,2/20/2013,1029,2/27/2013,14,Y,1437,688,127,457,126,148,1,1,1,1,Healthy,0,0,0,Healthy,,,4,0,1,0,Healthy,122,78.00028677
204N.Ile,204N,Ileum,Contents,CSS,Healthy,Fed,204,N,CSS,Healthy-CSS,CSS-Healthy,eg,prison,M,2/20/2013,1029,2/27/2013,14,Y,1437,688,127,457,126,148,1,1,1,1,Healthy,0,0,0,Healthy,,,4,0,1,0,Healthy,122,78.00028677
204P.colon,204P,Colon,Contents,MIX,Healthy,Fed,204,P,MIX,Healthy-MIX,MIX-Healthy,eg,prison,M,2/20/2013,937,2/27/2013,14.38333333,Y,1479,300,118,550,178,166,1,1,1,2,Healthy,0,1,0,Healthy,,,5,1,2,1,Healthy,122.3833333,113.4354138
204P.colon.tissue,204P,Colon,Tissue,MIX,Healthy,Fed,204,P,MIX,Healthy-MIX,MIX-Healthy,eg,prison,M,2/20/2013,937,2/27/2013,14.38333333,Y,1479,300,118,550,178,166,1,1,1,2,Healthy,0,1,0,Healthy,,,5,1,2,1,Healthy,122.3833333,113.4354138
204P.Ile,204P,Ileum,Contents,MIX,Healthy,Fed,204,P,MIX,Healthy-MIX,MIX-Healthy,eg,prison,M,2/20/2013,937,2/27/2013,14.38333333,Y,1479,300,118,550,178,166,1,1,1,2,Healthy,0,1,0,Healthy,,,5,1,2,1,Healthy,122.3833333,113.4354138
204P.Ile.tissue,204P,Ileum,Tissue,MIX,Healthy,Fed,204,P,MIX,Healthy-MIX,MIX-Healthy,eg,prison,M,2/20/2013,937,2/27/2013,14.38333333,Y,1479,300,118,550,178,166,1,1,1,2,Healthy,0,1,0,Healthy,,,5,1,2,1,Healthy,122.3833333,113.4354138
204P.stom,204P,Stomach,Contents,MIX,Healthy,Fed,204,P,MIX,Healthy-MIX,MIX-Healthy,eg,prison,M,2/20/2013,937,2/27/2013,14.38333333,Y,1479,300,118,550,178,166,1,1,1,2,Healthy,0,1,0,Healthy,,,5,1,2,1,Healthy,122.3833333,113.4354138
205A.Ile.tissue,205A,Ileum,Tissue,Newborn,Healthy,Newborn,205,A,NEW,NEW,NEW,NA,prison,F,2/21/2013,NA,2/21/2013,NA,NA,NA,452,78,433,115,232,NA,NA,NA,NA,NA,NA,NA,NA,NA,,,NA,NA,NA,NA,NA,NA,NA
205A.Ile,205A,Ileum,Contents,Newborn,Healthy,Newborn,205,A,NEW,NEW,NEW,NA,prison,F,2/21/2013,NA,2/21/2013,NA,NA,NA,452,78,433,115,232,NA,NA,NA,NA,NA,NA,NA,NA,NA,,,NA,NA,NA,NA,NA,NA,NA
205A.stom.1,205A,Stomach,Contents,Newborn,Healthy,Newborn,205,A,NEW,NEW,NEW,NA,prison,F,2/21/2013,NA,2/21/2013,NA,NA,NA,452,78,433,115,232,NA,NA,NA,NA,NA,NA,NA,NA,NA,,,NA,NA,NA,NA,NA,NA,NA
205A.colon.tissue,205A,Colon,Tissue,Newborn,Healthy,Newborn,205,A,NEW,NEW,NEW,NA,prison,F,2/21/2013,NA,2/21/2013,NA,NA,NA,452,78,433,115,232,NA,NA,NA,NA,NA,NA,NA,NA,NA,,,NA,NA,NA,NA,NA,NA,NA
205A.colon,205A,Colon,Contents,Newborn,Healthy,Newborn,205,A,NEW,NEW,NEW,NA,prison,F,2/21/2013,NA,2/21/2013,NA,NA,NA,452,78,433,115,232,NA,NA,NA,NA,NA,NA,NA,NA,NA,,,NA,NA,NA,NA,NA,NA,NA
205B.stom,205B,Stomach,Contents,CSS,Healthy,Fed,205,B,CSS,Healthy-CSS,CSS-Healthy,eg,prison,F,2/21/2013,1165,2/28/2013,10,Y,1815,467,139,506,177,146,1,1,1,1,Healthy,0,0,0,Healthy,DSCF1172.jpg,,4,0,1,0,Healthy,118,113.4793046
205B.colon,205B,Colon,Contents,CSS,Healthy,Fed,205,B,CSS,Healthy-CSS,CSS-Healthy,eg,prison,F,2/21/2013,1165,2/28/2013,10,Y,1815,467,139,506,177,146,1,1,1,1,Healthy,0,0,0,Healthy,DSCF1172.jpg,,4,0,1,0,Healthy,118,113.4793046
205B.I,205B,Ileum,Contents,CSS,Healthy,Fed,205,B,CSS,Healthy-CSS,CSS-Healthy,eg,prison,F,2/21/2013,1165,2/28/2013,10,Y,1815,467,139,506,177,146,1,1,1,1,Healthy,0,0,0,Healthy,DSCF1172.jpg,,4,0,1,0,Healthy,118,113.4793046
205B.colon.tissue,205B,Colon,Tissue,CSS,Healthy,Fed,205,B,CSS,Healthy-CSS,CSS-Healthy,eg,prison,F,2/21/2013,1165,2/28/2013,10,Y,1815,467,139,506,177,146,1,1,1,1,Healthy,0,0,0,Healthy,DSCF1172.jpg,,4,0,1,0,Healthy,118,113.4793046
205B.DI.tissue,205B,Ileum,Tissue,CSS,Healthy,Fed,205,B,CSS,Healthy-CSS,CSS-Healthy,eg,prison,F,2/21/2013,1165,2/28/2013,10,Y,1815,467,139,506,177,146,1,1,1,1,Healthy,0,0,0,Healthy,DSCF1172.jpg,,4,0,1,0,Healthy,118,113.4793046
205C.colon.tissue,205C,Colon,Tissue,LAC,Healthy,Fed,205,C,LAC,Healthy-LAC,LAC-Healthy,eg,prison,F,2/21/2013,851,2/28/2013,10.75,Y,1295,425,105,428,132,146,1,1,1,1,Healthy,1,1,0,Healthy,,,4,2,1,1,Healthy,118.75,105.4462243
205C.DI.tissue,205C,Ileum,Tissue,LAC,Healthy,Fed,205,C,LAC,Healthy-LAC,LAC-Healthy,eg,prison,F,2/21/2013,851,2/28/2013,10.75,Y,1295,425,105,428,132,146,1,1,1,1,Healthy,1,1,0,Healthy,,,4,2,1,1,Healthy,118.75,105.4462243
205C.colon,205C,Colon,Contents,LAC,Healthy,Fed,205,C,LAC,Healthy-LAC,LAC-Healthy,eg,prison,F,2/21/2013,851,2/28/2013,10.75,Y,1295,425,105,428,132,146,1,1,1,1,Healthy,1,1,0,Healthy,,,4,2,1,1,Healthy,118.75,105.4462243
205C.I,205C,Ileum,Contents,LAC,Healthy,Fed,205,C,LAC,Healthy-LAC,LAC-Healthy,eg,prison,F,2/21/2013,851,2/28/2013,10.75,Y,1295,425,105,428,132,146,1,1,1,1,Healthy,1,1,0,Healthy,,,4,2,1,1,Healthy,118.75,105.4462243
205C.stom,205C,Stomach,Contents,LAC,Healthy,Fed,205,C,LAC,Healthy-LAC,LAC-Healthy,eg,prison,F,2/21/2013,851,2/28/2013,10.75,Y,1295,425,105,428,132,146,1,1,1,1,Healthy,1,1,0,Healthy,,,4,2,1,1,Healthy,118.75,105.4462243
205D.colon,205D,Colon,Contents,MIX,Healthy,Fed,205,D,MIX,Healthy-MIX,MIX-Healthy,eg,prison,M,2/21/2013,1012,2/28/2013,11.25,Y,1459,402,131,503,155,160,1,1,1,1,Healthy,0,0,0,Healthy,,,4,0,1,0,Healthy,119.25,88.89551794
205D.DI.tissue,205D,Ileum,Tissue,MIX,Healthy,Fed,205,D,MIX,Healthy-MIX,MIX-Healthy,eg,prison,M,2/21/2013,1012,2/28/2013,11.25,Y,1459,402,131,503,155,160,1,1,1,1,Healthy,0,0,0,Healthy,,,4,0,1,0,Healthy,119.25,88.89551794
205D.colon.tissue,205D,Colon,Tissue,MIX,Healthy,Fed,205,D,MIX,Healthy-MIX,MIX-Healthy,eg,prison,M,2/21/2013,1012,2/28/2013,11.25,Y,1459,402,131,503,155,160,1,1,1,1,Healthy,0,0,0,Healthy,,,4,0,1,0,Healthy,119.25,88.89551794
205D.stom,205D,Stomach,Contents,MIX,Healthy,Fed,205,D,MIX,Healthy-MIX,MIX-Healthy,eg,prison,M,2/21/2013,1012,2/28/2013,11.25,Y,1459,402,131,503,155,160,1,1,1,1,Healthy,0,0,0,Healthy,,,4,0,1,0,Healthy,119.25,88.89551794
205D.I,205D,Ileum,Contents,MIX,Healthy,Fed,205,D,MIX,Healthy-MIX,MIX-Healthy,eg,prison,M,2/21/2013,1012,2/28/2013,11.25,Y,1459,402,131,503,155,160,1,1,1,1,Healthy,0,0,0,Healthy,,,4,0,1,0,Healthy,119.25,88.89551794
205E.DI.tissue,205E,Ileum,Tissue,LAC,Healthy,Fed,205,E,LAC,Healthy-LAC,LAC-Healthy,eg,prison,F,2/21/2013,955,2/28/2013,11.91666667,Y,1498,NA,NA,NA,NA,NA,1,1,1,1,Healthy,0,0,1,Healthy,,Slides missing,4,1,1,1,Healthy,119.9166667,113.7963027
205E.colon,205E,Colon,Contents,LAC,Healthy,Fed,205,E,LAC,Healthy-LAC,LAC-Healthy,eg,prison,F,2/21/2013,955,2/28/2013,11.91666667,Y,1498,NA,NA,NA,NA,NA,1,1,1,1,Healthy,0,0,1,Healthy,,Slides missing,4,1,1,1,Healthy,119.9166667,113.7963027
205E.I,205E,Ileum,Contents,LAC,Healthy,Fed,205,E,LAC,Healthy-LAC,LAC-Healthy,eg,prison,F,2/21/2013,955,2/28/2013,11.91666667,Y,1498,NA,NA,NA,NA,NA,1,1,1,1,Healthy,0,0,1,Healthy,,Slides missing,4,1,1,1,Healthy,119.9166667,113.7963027
205E.stom,205E,Stomach,Contents,LAC,Healthy,Fed,205,E,LAC,Healthy-LAC,LAC-Healthy,eg,prison,F,2/21/2013,955,2/28/2013,11.91666667,Y,1498,NA,NA,NA,NA,NA,1,1,1,1,Healthy,0,0,1,Healthy,,Slides missing,4,1,1,1,Healthy,119.9166667,113.7963027
205E.colon.tissue,205E,Colon,Tissue,LAC,Healthy,Fed,205,E,LAC,Healthy-LAC,LAC-Healthy,eg,prison,F,2/21/2013,955,2/28/2013,11.91666667,Y,1498,NA,NA,NA,NA,NA,1,1,1,1,Healthy,0,0,1,Healthy,,Slides missing,4,1,1,1,Healthy,119.9166667,113.7963027
205F.stom,205F,Stomach,Contents,Newborn,Healthy,Newborn,205,F,NEW,NEW,NEW,NA,prison,M,2/21/2013,NA,2/21/2013,NA,NA,NA,423,92,410,149,128,NA,NA,NA,NA,NA,NA,NA,NA,NA,,,NA,NA,NA,NA,NA,NA,NA
205F.Ile,205F,Ileum,Contents,Newborn,Healthy,Newborn,205,F,NEW,NEW,NEW,NA,prison,M,2/21/2013,NA,2/21/2013,NA,NA,NA,423,92,410,149,128,NA,NA,NA,NA,NA,NA,NA,NA,NA,,,NA,NA,NA,NA,NA,NA,NA
205F.Ile.tissue,205F,Ileum,Tissue,Newborn,Healthy,Newborn,205,F,NEW,NEW,NEW,NA,prison,M,2/21/2013,NA,2/21/2013,NA,NA,NA,423,92,410,149,128,NA,NA,NA,NA,NA,NA,NA,NA,NA,,,NA,NA,NA,NA,NA,NA,NA
205F.colon,205F,Colon,Contents,Newborn,Healthy,Newborn,205,F,NEW,NEW,NEW,NA,prison,M,2/21/2013,NA,2/21/2013,NA,NA,NA,423,92,410,149,128,NA,NA,NA,NA,NA,NA,NA,NA,NA,,,NA,NA,NA,NA,NA,NA,NA
205G.colon.tissue,205G,Colon,Tissue,LAC,Healthy,Fed,205,G,LAC,Healthy-LAC,LAC-Healthy,eg,prison,M,2/21/2013,1072,2/28/2013,12.5,Y,1507,386,89,550,115,NA,1,1,1,1,Healthy,1,0,NA,Healthy,,Colon slide missing,4,NA,1,NA,Healthy,120.5,80.81996656
205G.colon.2,205G,Colon,Contents,LAC,Healthy,Fed,205,G,LAC,Healthy-LAC,LAC-Healthy,eg,prison,M,2/21/2013,1072,2/28/2013,12.5,Y,1507,386,89,550,115,NA,1,1,1,1,Healthy,1,0,NA,Healthy,,Colon slide missing,4,NA,1,NA,Healthy,120.5,80.81996656
205G.stom.2,205G,Stomach,Contents,LAC,Healthy,Fed,205,G,LAC,Healthy-LAC,LAC-Healthy,eg,prison,M,2/21/2013,1072,2/28/2013,12.5,Y,1507,386,89,550,115,NA,1,1,1,1,Healthy,1,0,NA,Healthy,,Colon slide missing,4,NA,1,NA,Healthy,120.5,80.81996656
205G.DI.tissue,205G,Ileum,Tissue,LAC,Healthy,Fed,205,G,LAC,Healthy-LAC,LAC-Healthy,eg,prison,M,2/21/2013,1072,2/28/2013,12.5,Y,1507,386,89,550,115,NA,1,1,1,1,Healthy,1,0,NA,Healthy,,Colon slide missing,4,NA,1,NA,Healthy,120.5,80.81996656
205G.I,205G,Ileum,Contents,LAC,Healthy,Fed,205,G,LAC,Healthy-LAC,LAC-Healthy,eg,prison,M,2/21/2013,1072,2/28/2013,12.5,Y,1507,386,89,550,115,NA,1,1,1,1,Healthy,1,0,NA,Healthy,,Colon slide missing,4,NA,1,NA,Healthy,120.5,80.81996656
205G.stom.1,205G,Stomach,Contents,LAC,Healthy,Fed,205,G,LAC,Healthy-LAC,LAC-Healthy,eg,prison,M,2/21/2013,1072,2/28/2013,12.5,Y,1507,386,89,550,115,NA,1,1,1,1,Healthy,1,0,NA,Healthy,,Colon slide missing,4,NA,1,NA,Healthy,120.5,80.81996656
205G.colon.1,205G,Colon,Contents,LAC,Healthy,Fed,205,G,LAC,Healthy-LAC,LAC-Healthy,eg,prison,M,2/21/2013,1072,2/28/2013,12.5,Y,1507,386,89,550,115,NA,1,1,1,1,Healthy,1,0,NA,Healthy,,Colon slide missing,4,NA,1,NA,Healthy,120.5,80.81996656
205H.colon,205H,Colon,Contents,CSS,Healthy,Fed,205,H,CSS,Healthy-CSS,CSS-Healthy,eg,prison,F,2/21/2013,1040,2/27/2013,7.5,N,1345,627,84,536,115,148,1,1,1,2,Healthy,1,0,1,Healthy,,,5,2,2,1,Healthy,91.5,76.92307692
205H.ILE,205H,Ileum,Contents,CSS,Healthy,Fed,205,H,CSS,Healthy-CSS,CSS-Healthy,eg,prison,F,2/21/2013,1040,2/27/2013,7.5,N,1345,627,84,536,115,148,1,1,1,2,Healthy,1,0,1,Healthy,,,5,2,2,1,Healthy,91.5,76.92307692
205H.Stom,205H,Stomach,Contents,CSS,Healthy,Fed,205,H,CSS,Healthy-CSS,CSS-Healthy,eg,prison,F,2/21/2013,1040,2/27/2013,7.5,N,1345,627,84,536,115,148,1,1,1,2,Healthy,1,0,1,Healthy,,,5,2,2,1,Healthy,91.5,76.92307692
205I.stom,205I,Stomach,Contents,LAC,Healthy,Fed,205,I,LAC,Healthy-LAC,LAC-Healthy,eg,prison,F,2/21/2013,1061,2/28/2013,13.25,Y,1538,504,87,619,127,215,1,1,1,1,Healthy,0,0,1,Healthy,,,4,1,1,1,Healthy,121.25,88.9882138
205I.I,205I,Ileum,Contents,LAC,Healthy,Fed,205,I,LAC,Healthy-LAC,LAC-Healthy,eg,prison,F,2/21/2013,1061,2/28/2013,13.25,Y,1538,504,87,619,127,215,1,1,1,1,Healthy,0,0,1,Healthy,,,4,1,1,1,Healthy,121.25,88.9882138
205I.colon,205I,Colon,Contents,LAC,Healthy,Fed,205,I,LAC,Healthy-LAC,LAC-Healthy,eg,prison,F,2/21/2013,1061,2/28/2013,13.25,Y,1538,504,87,619,127,215,1,1,1,1,Healthy,0,0,1,Healthy,,,4,1,1,1,Healthy,121.25,88.9882138
205I.colon.tissue,205I,Colon,Tissue,LAC,Healthy,Fed,205,I,LAC,Healthy-LAC,LAC-Healthy,eg,prison,F,2/21/2013,1061,2/28/2013,13.25,Y,1538,504,87,619,127,215,1,1,1,1,Healthy,0,0,1,Healthy,,,4,1,1,1,Healthy,121.25,88.9882138
205I.DI.tissue,205I,Ileum,Tissue,LAC,Healthy,Fed,205,I,LAC,Healthy-LAC,LAC-Healthy,eg,prison,F,2/21/2013,1061,2/28/2013,13.25,Y,1538,504,87,619,127,215,1,1,1,1,Healthy,0,0,1,Healthy,,,4,1,1,1,Healthy,121.25,88.9882138
205K.colon.tissue,205K,Colon,Tissue,MIX,Healthy,Fed,205,K,MIX,Healthy-MIX,MIX-Healthy,eg,prison,M,2/21/2013,1123,2/28/2013,13.91666667,Y,1552,466,93,544,121,227,1,1,1,1,Healthy,0,0,0,Healthy,,,4,0,1,0,Healthy,121.9166667,75.20136048
205K.DI.tissue,205K,Ileum,Tissue,MIX,Healthy,Fed,205,K,MIX,Healthy-MIX,MIX-Healthy,eg,prison,M,2/21/2013,1123,2/28/2013,13.91666667,Y,1552,466,93,544,121,227,1,1,1,1,Healthy,0,0,0,Healthy,,,4,0,1,0,Healthy,121.9166667,75.20136048
205L.colon.2,205K,Colon,Contents,MIX,Healthy,Fed,205,K,MIX,Healthy-MIX,MIX-Healthy,eg,prison,M,2/21/2013,1123,2/28/2013,13.91666667,Y,1552,466,93,544,121,227,1,1,1,1,Healthy,0,0,0,Healthy,,,4,0,1,0,Healthy,121.9166667,75.20136048
205K.I,205K,Ileum,Contents,MIX,Healthy,Fed,205,K,MIX,Healthy-MIX,MIX-Healthy,eg,prison,M,2/21/2013,1123,2/28/2013,13.91666667,Y,1552,466,93,544,121,227,1,1,1,1,Healthy,0,0,0,Healthy,,,4,0,1,0,Healthy,121.9166667,75.20136048
205K.stom,205K,Stomach,Contents,MIX,Healthy,Fed,205,K,MIX,Healthy-MIX,MIX-Healthy,eg,prison,M,2/21/2013,1123,2/28/2013,13.91666667,Y,1552,466,93,544,121,227,1,1,1,1,Healthy,0,0,0,Healthy,,,4,0,1,0,Healthy,121.9166667,75.20136048
205L.DI.tissue,205L,Ileum,Tissue,MIX,Healthy,Fed,205,L,MIX,Healthy-MIX,MIX-Healthy,eg,prison,F,2/21/2013,779,2/28/2013,14.91666667,Y,1194,562,92,517,108,140,1,1,1,1,Healthy,0,0,0,Healthy,,,4,0,1,0,Healthy,122.9166667,104.0186245
205L.colon.tissue,205L,Colon,Tissue,MIX,Healthy,Fed,205,L,MIX,Healthy-MIX,MIX-Healthy,eg,prison,F,2/21/2013,779,2/28/2013,14.91666667,Y,1194,562,92,517,108,140,1,1,1,1,Healthy,0,0,0,Healthy,,,4,0,1,0,Healthy,122.9166667,104.0186245
205L.colon.1,205L,Colon,Contents,MIX,Healthy,Fed,205,L,MIX,Healthy-MIX,MIX-Healthy,eg,prison,F,2/21/2013,779,2/28/2013,14.91666667,Y,1194,562,92,517,108,140,1,1,1,1,Healthy,0,0,0,Healthy,,,4,0,1,0,Healthy,122.9166667,104.0186245
205L.I,205L,Ileum,Contents,MIX,Healthy,Fed,205,L,MIX,Healthy-MIX,MIX-Healthy,eg,prison,F,2/21/2013,779,2/28/2013,14.91666667,Y,1194,562,92,517,108,140,1,1,1,1,Healthy,0,0,0,Healthy,,,4,0,1,0,Healthy,122.9166667,104.0186245
205L.stom,205L,Stomach,Contents,MIX,Healthy,Fed,205,L,MIX,Healthy-MIX,MIX-Healthy,eg,prison,F,2/21/2013,779,2/28/2013,14.91666667,Y,1194,562,92,517,108,140,1,1,1,1,Healthy,0,0,0,Healthy,,,4,0,1,0,Healthy,122.9166667,104.0186245
205M.DI.tissue,205M,Ileum,Tissue,CSS,Healthy,Fed,205,M,CSS,Healthy-CSS,CSS-Healthy,eg,prison,M,2/21/2013,857,2/28/2013,15.25,Y,1208,537,78,470,145,156,1,1,1,1,Healthy,0,0,0,Healthy,DSCF1193.jpg,,4,0,1,0,Healthy,123.25,79.75365739
206B.colon,206B,Colon,Contents,MIX,NEC,Fed,206,B,MIX,NEC-MIX,MIX-NEC,eg,prison,F,2/22/2013,1253,2/28/2013,3,N,1734,252,69,167,53,149,1,3,4,1,NEC,2,3,1,NEC,,,9,6,4,3,NEC,87,105.89757
206B.colon.tissue,206B,Colon,Tissue,MIX,NEC,Fed,206,B,MIX,NEC-MIX,MIX-NEC,eg,prison,F,2/22/2013,1253,2/28/2013,3,N,1734,252,69,167,53,149,1,3,4,1,NEC,2,3,1,NEC,,,9,6,4,3,NEC,87,105.89757
206B.stom,206B,Stomach,Contents,MIX,NEC,Fed,206,B,MIX,NEC-MIX,MIX-NEC,eg,prison,F,2/22/2013,1253,2/28/2013,3,N,1734,252,69,167,53,149,1,3,4,1,NEC,2,3,1,NEC,,,9,6,4,3,NEC,87,105.89757
206B.I,206B,Ileum,Contents,MIX,NEC,Fed,206,B,MIX,NEC-MIX,MIX-NEC,eg,prison,F,2/22/2013,1253,2/28/2013,3,N,1734,252,69,167,53,149,1,3,4,1,NEC,2,3,1,NEC,,,9,6,4,3,NEC,87,105.89757
206D.DI.tissue.2,206B,Ileum,Tissue,MIX,NEC,Fed,206,B,MIX,NEC-MIX,MIX-NEC,eg,prison,F,2/22/2013,1253,2/28/2013,3,N,1734,252,69,167,53,149,1,3,4,1,NEC,2,3,1,NEC,,,9,6,4,3,NEC,87,105.89757
206C.colon.tissue,206C,Colon,Tissue,LAC,Healthy,Fed,206,C,LAC,Healthy-LAC,LAC-Healthy,eg,prison,F,2/22/2013,1207,2/28/2013,17.5,N,1799,450,116,500,174,211,1,1,1,1,Healthy,1,1,0,Healthy,,,4,2,1,1,Healthy,101.5,115.9737329
206C.DI.tissue,206C,Ileum,Tissue,LAC,Healthy,Fed,206,C,LAC,Healthy-LAC,LAC-Healthy,eg,prison,F,2/22/2013,1207,2/28/2013,17.5,N,1799,450,116,500,174,211,1,1,1,1,Healthy,1,1,0,Healthy,,,4,2,1,1,Healthy,101.5,115.9737329
206C.Ile,206C,Ileum,Contents,LAC,Healthy,Fed,206,C,LAC,Healthy-LAC,LAC-Healthy,eg,prison,F,2/22/2013,1207,2/28/2013,17.5,N,1799,450,116,500,174,211,1,1,1,1,Healthy,1,1,0,Healthy,,,4,2,1,1,Healthy,101.5,115.9737329
206C.colon,206C,Colon,Contents,LAC,Healthy,Fed,206,C,LAC,Healthy-LAC,LAC-Healthy,eg,prison,F,2/22/2013,1207,2/28/2013,17.5,N,1799,450,116,500,174,211,1,1,1,1,Healthy,1,1,0,Healthy,,,4,2,1,1,Healthy,101.5,115.9737329
206C.stom,206C,Stomach,Contents,LAC,Healthy,Fed,206,C,LAC,Healthy-LAC,LAC-Healthy,eg,prison,F,2/22/2013,1207,2/28/2013,17.5,N,1799,450,116,500,174,211,1,1,1,1,Healthy,1,1,0,Healthy,,,4,2,1,1,Healthy,101.5,115.9737329
206D.colon,206D,Colon,Contents,CSS,Healthy,Fed,206,D,CSS,Healthy-CSS,CSS-Healthy,eg,prison,F,2/22/2013,1222,2/28/2013,16.83333333,N,1719,420,80,438,180,182,1,1,1,1,Healthy,0,1,0,Healthy,,,4,1,1,1,Healthy,100.8333333,96.80377649
206D.DI.tissue.1,206D,Ileum,Tissue,CSS,Healthy,Fed,206,D,CSS,Healthy-CSS,CSS-Healthy,eg,prison,F,2/22/2013,1222,2/28/2013,16.83333333,N,1719,420,80,438,180,182,1,1,1,1,Healthy,0,1,0,Healthy,,,4,1,1,1,Healthy,100.8333333,96.80377649
206D.I,206D,Ileum,Contents,CSS,Healthy,Fed,206,D,CSS,Healthy-CSS,CSS-Healthy,eg,prison,F,2/22/2013,1222,2/28/2013,16.83333333,N,1719,420,80,438,180,182,1,1,1,1,Healthy,0,1,0,Healthy,,,4,1,1,1,Healthy,100.8333333,96.80377649
206D.stom,206D,Stomach,Contents,CSS,Healthy,Fed,206,D,CSS,Healthy-CSS,CSS-Healthy,eg,prison,F,2/22/2013,1222,2/28/2013,16.83333333,N,1719,420,80,438,180,182,1,1,1,1,Healthy,0,1,0,Healthy,,,4,1,1,1,Healthy,100.8333333,96.80377649
206H.DI.tissue,206H,Ileum,Tissue,CSS,NEC,Fed,206,H,CSS,NEC-CSS,CSS-NEC,eg,prison,M,2/22/2013,1187,2/28/2013,3,N,1675,0,132,181,107,171,1,1,1,1,Healthy,2,2,1,NEC,DSCF1164.jpg,,4,5,1,2,Healthy,87,113.4125439
206H.colon.tissue,206H,Colon,Tissue,CSS,NEC,Fed,206,H,CSS,NEC-CSS,CSS-NEC,eg,prison,M,2/22/2013,1187,2/28/2013,3,N,1675,0,132,181,107,171,1,1,1,1,Healthy,2,2,1,NEC,DSCF1164.jpg,,4,5,1,2,Healthy,87,113.4125439
206H.colon,206H,Colon,Contents,CSS,NEC,Fed,206,H,CSS,NEC-CSS,CSS-NEC,eg,prison,M,2/22/2013,1187,2/28/2013,3,N,1675,0,132,181,107,171,1,1,1,1,Healthy,2,2,1,NEC,DSCF1164.jpg,,4,5,1,2,Healthy,87,113.4125439
206H.I,206H,Ileum,Contents,CSS,NEC,Fed,206,H,CSS,NEC-CSS,CSS-NEC,eg,prison,M,2/22/2013,1187,2/28/2013,3,N,1675,0,132,181,107,171,1,1,1,1,Healthy,2,2,1,NEC,DSCF1164.jpg,,4,5,1,2,Healthy,87,113.4125439
206H.Stom,206H,Stomach,Contents,CSS,NEC,Fed,206,H,CSS,NEC-CSS,CSS-NEC,eg,prison,M,2/22/2013,1187,2/28/2013,3,N,1675,0,132,181,107,171,1,1,1,1,Healthy,2,2,1,NEC,DSCF1164.jpg,,4,5,1,2,Healthy,87,113.4125439
206I.colon,206I,Colon,Contents,Newborn,Healthy,Newborn,206,I,NEW,NEW,NEW,NA,prison,M,2/22/2013,NA,2/22/2013,NA,NA,NA,334,62,474,92,162,NA,NA,NA,NA,NA,NA,NA,NA,NA,,,NA,NA,NA,NA,NA,NA,NA
206I.colon.tissue,206I,Colon,Tissue,Newborn,Healthy,Newborn,206,I,NEW,NEW,NEW,NA,prison,M,2/22/2013,NA,2/22/2013,NA,NA,NA,334,62,474,92,162,NA,NA,NA,NA,NA,NA,NA,NA,NA,,,NA,NA,NA,NA,NA,NA,NA
206I.DI.tissue,206I,Ileum,Tissue,Newborn,Healthy,Newborn,206,I,NEW,NEW,NEW,NA,prison,M,2/22/2013,NA,2/22/2013,NA,NA,NA,334,62,474,92,162,NA,NA,NA,NA,NA,NA,NA,NA,NA,,,NA,NA,NA,NA,NA,NA,NA
206I.ILE,206I,Ileum,Contents,Newborn,Healthy,Newborn,206,I,NEW,NEW,NEW,NA,prison,M,2/22/2013,NA,2/22/2013,NA,NA,NA,334,62,474,92,162,NA,NA,NA,NA,NA,NA,NA,NA,NA,,,NA,NA,NA,NA,NA,NA,NA
206I.stom,206I,Stomach,Contents,Newborn,Healthy,Newborn,206,I,NEW,NEW,NEW,NA,prison,M,2/22/2013,NA,2/22/2013,NA,NA,NA,334,62,474,92,162,NA,NA,NA,NA,NA,NA,NA,NA,NA,,,NA,NA,NA,NA,NA,NA,NA
206L.stom,206L,Stomach,Contents,Newborn,Healthy,Newborn,206,L,NEW,NEW,NEW,NA,prison,M,2/22/2013,NA,2/22/2013,NA,NA,NA,406,70,499,90,134,NA,NA,NA,NA,NA,NA,NA,NA,NA,,,NA,NA,NA,NA,NA,NA,NA
206L.colon,206L,Colon,Contents,Newborn,Healthy,Newborn,206,L,NEW,NEW,NEW,NA,prison,M,2/22/2013,NA,2/22/2013,NA,NA,NA,406,70,499,90,134,NA,NA,NA,NA,NA,NA,NA,NA,NA,,,NA,NA,NA,NA,NA,NA,NA
206L.colon.tissue,206L,Colon,Tissue,Newborn,Healthy,Newborn,206,L,NEW,NEW,NEW,NA,prison,M,2/22/2013,NA,2/22/2013,NA,NA,NA,406,70,499,90,134,NA,NA,NA,NA,NA,NA,NA,NA,NA,,,NA,NA,NA,NA,NA,NA,NA
206L.DI.tissue,206L,Ileum,Tissue,Newborn,Healthy,Newborn,206,L,NEW,NEW,NEW,NA,prison,M,2/22/2013,NA,2/22/2013,NA,NA,NA,406,70,499,90,134,NA,NA,NA,NA,NA,NA,NA,NA,NA,,,NA,NA,NA,NA,NA,NA,NA
206L.Ile,206L,Ileum,Contents,Newborn,Healthy,Newborn,206,L,NEW,NEW,NEW,NA,prison,M,2/22/2013,NA,2/22/2013,NA,NA,NA,406,70,499,90,134,NA,NA,NA,NA,NA,NA,NA,NA,NA,,,NA,NA,NA,NA,NA,NA,NA
206M.colon.tissue,206M,Colon,Tissue,MIX,NEC,Fed,206,M,MIX,NEC-MIX,MIX-NEC,eg,prison,M,2/22/2013,1274,2/26/2013,12.25,N,1428,360,110,420,79,151,2,3,3,1,NEC,1,2,1,NEC,,,9,4,3,2,NEC,48.25,60.1264021
206M.I,206M,Ileum,Contents,MIX,NEC,Fed,206,M,MIX,NEC-MIX,MIX-NEC,eg,prison,M,2/22/2013,1274,2/26/2013,12.25,N,1428,360,110,420,79,151,2,3,3,1,NEC,1,2,1,NEC,,,9,4,3,2,NEC,48.25,60.1264021
206M.DI.tissue,206M,Ileum,Tissue,MIX,NEC,Fed,206,M,MIX,NEC-MIX,MIX-NEC,eg,prison,M,2/22/2013,1274,2/26/2013,12.25,N,1428,360,110,420,79,151,2,3,3,1,NEC,1,2,1,NEC,,,9,4,3,2,NEC,48.25,60.1264021
206M.colon,206M,Colon,Contents,MIX,NEC,Fed,206,M,MIX,NEC-MIX,MIX-NEC,eg,prison,M,2/22/2013,1274,2/26/2013,12.25,N,1428,360,110,420,79,151,2,3,3,1,NEC,1,2,1,NEC,,,9,4,3,2,NEC,48.25,60.1264021
206M.stom,206M,Stomach,Contents,MIX,NEC,Fed,206,M,MIX,NEC-MIX,MIX-NEC,eg,prison,M,2/22/2013,1274,2/26/2013,12.25,N,1428,360,110,420,79,151,2,3,3,1,NEC,1,2,1,NEC,,,9,4,3,2,NEC,48.25,60.1264021
212D.DI.tissue,212D,Ileum,Tissue,Newborn,Healthy,Newborn,212,D,NEW,NEW,NEW,NA,Rosenbaum,M,8/22/2013,NA,8/22/2013,NA,NA,NA,361,59,505,68,94,NA,NA,NA,NA,NA,NA,NA,NA,NA,,,NA,NA,NA,NA,NA,NA,NA
212D.colon.tissue,212D,Colon,Tissue,Newborn,Healthy,Newborn,212,D,NEW,NEW,NEW,NA,Rosenbaum,M,8/22/2013,NA,8/22/2013,NA,NA,NA,361,59,505,68,94,NA,NA,NA,NA,NA,NA,NA,NA,NA,,,NA,NA,NA,NA,NA,NA,NA
212D.DI,212D,Ileum,Contents,Newborn,Healthy,Newborn,212,D,NEW,NEW,NEW,NA,Rosenbaum,M,8/22/2013,NA,8/22/2013,NA,NA,NA,361,59,505,68,94,NA,NA,NA,NA,NA,NA,NA,NA,NA,,,NA,NA,NA,NA,NA,NA,NA
212D.colon,212D,Colon,Contents,Newborn,Healthy,Newborn,212,D,NEW,NEW,NEW,NA,Rosenbaum,M,8/22/2013,NA,8/22/2013,NA,NA,NA,361,59,505,68,94,NA,NA,NA,NA,NA,NA,NA,NA,NA,,,NA,NA,NA,NA,NA,NA,NA
212E.DI.tissue,212E,Ileum,Tissue,CSS,Healthy,Fed,212,E,CSS,Healthy-CSS,CSS-Healthy,eg,Rosenbaum,F,8/22/2013,1165,8/29/2013,9.833333333,Y,1581,663,107,739,121,171,1,1,1,1,Healthy,0,0,0,Healthy,,Time of death guessed based on others.,4,0,1,0,Healthy,117.8333333,72.72948018
212E.DI,212E,Ileum,Contents,CSS,Healthy,Fed,212,E,CSS,Healthy-CSS,CSS-Healthy,eg,Rosenbaum,F,8/22/2013,1165,8/29/2013,9.833333333,Y,1581,663,107,739,121,171,1,1,1,1,Healthy,0,0,0,Healthy,,Time of death guessed based on others.,4,0,1,0,Healthy,117.8333333,72.72948018
212E.stom,212E,Stomach,Contents,CSS,Healthy,Fed,212,E,CSS,Healthy-CSS,CSS-Healthy,eg,Rosenbaum,F,8/22/2013,1165,8/29/2013,9.833333333,Y,1581,663,107,739,121,171,1,1,1,1,Healthy,0,0,0,Healthy,,Time of death guessed based on others.,4,0,1,0,Healthy,117.8333333,72.72948018
212E.colon,212E,Colon,Contents,CSS,Healthy,Fed,212,E,CSS,Healthy-CSS,CSS-Healthy,eg,Rosenbaum,F,8/22/2013,1165,8/29/2013,9.833333333,Y,1581,663,107,739,121,171,1,1,1,1,Healthy,0,0,0,Healthy,,Time of death guessed based on others.,4,0,1,0,Healthy,117.8333333,72.72948018
212E.colon.tissue,212E,Colon,Tissue,CSS,Healthy,Fed,212,E,CSS,Healthy-CSS,CSS-Healthy,eg,Rosenbaum,F,8/22/2013,1165,8/29/2013,9.833333333,Y,1581,663,107,739,121,171,1,1,1,1,Healthy,0,0,0,Healthy,,Time of death guessed based on others.,4,0,1,0,Healthy,117.8333333,72.72948018
213D.stom,213D,Stomach,Contents,Newborn,Healthy,Newborn,213,D,NEW,NEW,NEW,NA,Rosenbaum,F,8/26/2013,NA,8/26/2013,NA,NA,NA,349,54,246,70,245,NA,NA,NA,NA,NA,NA,NA,NA,NA,,colon slide is abnormal,NA,NA,NA,NA,NA,NA,NA
213P.colon,213D,Colon,Contents,Newborn,Healthy,Newborn,213,D,NEW,NEW,NEW,NA,Rosenbaum,F,8/26/2013,NA,8/26/2013,NA,NA,NA,349,54,246,70,245,NA,NA,NA,NA,NA,NA,NA,NA,NA,,colon slide is abnormal,NA,NA,NA,NA,NA,NA,NA
213D.DI,213D,Ileum,Contents,Newborn,Healthy,Newborn,213,D,NEW,NEW,NEW,NA,Rosenbaum,F,8/26/2013,NA,8/26/2013,NA,NA,NA,349,54,246,70,245,NA,NA,NA,NA,NA,NA,NA,NA,NA,,colon slide is abnormal,NA,NA,NA,NA,NA,NA,NA
213D.DI.tissue,213D,Ileum,Tissue,Newborn,Healthy,Newborn,213,D,NEW,NEW,NEW,NA,Rosenbaum,F,8/26/2013,NA,8/26/2013,NA,NA,NA,349,54,246,70,245,NA,NA,NA,NA,NA,NA,NA,NA,NA,,colon slide is abnormal,NA,NA,NA,NA,NA,NA,NA
213D.colon.tissue,213D,Colon,Tissue,Newborn,Healthy,Newborn,213,D,NEW,NEW,NEW,NA,Rosenbaum,F,8/26/2013,NA,8/26/2013,NA,NA,NA,349,54,246,70,245,NA,NA,NA,NA,NA,NA,NA,NA,NA,,colon slide is abnormal,NA,NA,NA,NA,NA,NA,NA
213G.colon,213G,Colon,Contents,CSS,NEC,Fed,213,G,CSS,NEC-CSS,CSS-NEC,eg,Rosenbaum,M,8/26/2013,958,8/31/2013,14.75,N,1118,444,84,NA,60,150,3,4,5,5,NEC,1,4,3,NEC,,No villi in DI,17,8,5,4,NEC,74.75,53.62342115
213G.colon.tissue,213G,Colon,Tissue,CSS,NEC,Fed,213,G,CSS,NEC-CSS,CSS-NEC,eg,Rosenbaum,M,8/26/2013,958,8/31/2013,14.75,N,1118,444,84,NA,60,150,3,4,5,5,NEC,1,4,3,NEC,,No villi in DI,17,8,5,4,NEC,74.75,53.62342115
213G.DI,213G,Ileum,Contents,CSS,NEC,Fed,213,G,CSS,NEC-CSS,CSS-NEC,eg,Rosenbaum,M,8/26/2013,958,8/31/2013,14.75,N,1118,444,84,NA,60,150,3,4,5,5,NEC,1,4,3,NEC,,No villi in DI,17,8,5,4,NEC,74.75,53.62342115
213G.DI.tissue,213G,Ileum,Tissue,CSS,NEC,Fed,213,G,CSS,NEC-CSS,CSS-NEC,eg,Rosenbaum,M,8/26/2013,958,8/31/2013,14.75,N,1118,444,84,NA,60,150,3,4,5,5,NEC,1,4,3,NEC,,No villi in DI,17,8,5,4,NEC,74.75,53.62342115
213G.stom,213G,Stomach,Contents,CSS,NEC,Fed,213,G,CSS,NEC-CSS,CSS-NEC,eg,Rosenbaum,M,8/26/2013,958,8/31/2013,14.75,N,1118,444,84,NA,60,150,3,4,5,5,NEC,1,4,3,NEC,,No villi in DI,17,8,5,4,NEC,74.75,53.62342115
213I.stom,213I,Stomach,Contents,Newborn,Healthy,Newborn,213,I,NEW,NEW,NEW,NA,Rosenbaum,F,8/26/2013,NA,8/26/2013,NA,NA,NA,304,60,384,72,292,NA,NA,NA,NA,NA,NA,NA,NA,NA,,colon slide abnormal,NA,NA,NA,NA,NA,NA,NA
213I.colon,213I,Colon,Contents,Newborn,Healthy,Newborn,213,I,NEW,NEW,NEW,NA,Rosenbaum,F,8/26/2013,NA,8/26/2013,NA,NA,NA,304,60,384,72,292,NA,NA,NA,NA,NA,NA,NA,NA,NA,,colon slide abnormal,NA,NA,NA,NA,NA,NA,NA
213I.DI.tissue,213I,Ileum,Tissue,Newborn,Healthy,Newborn,213,I,NEW,NEW,NEW,NA,Rosenbaum,F,8/26/2013,NA,8/26/2013,NA,NA,NA,304,60,384,72,292,NA,NA,NA,NA,NA,NA,NA,NA,NA,,colon slide abnormal,NA,NA,NA,NA,NA,NA,NA
213I.colon.tissue,213I,Colon,Tissue,Newborn,Healthy,Newborn,213,I,NEW,NEW,NEW,NA,Rosenbaum,F,8/26/2013,NA,8/26/2013,NA,NA,NA,304,60,384,72,292,NA,NA,NA,NA,NA,NA,NA,NA,NA,,colon slide abnormal,NA,NA,NA,NA,NA,NA,NA
213I.DI,213I,Ileum,Contents,Newborn,Healthy,Newborn,213,I,NEW,NEW,NEW,NA,Rosenbaum,F,8/26/2013,NA,8/26/2013,NA,NA,NA,304,60,384,72,292,NA,NA,NA,NA,NA,NA,NA,NA,NA,,colon slide abnormal,NA,NA,NA,NA,NA,NA,NA
213K.colon,213K,Colon,Contents,CSS,NEC,Fed,213,K,CSS,NEC-CSS,CSS-NEC,eg,Rosenbaum,F,8/26/2013,771,8/31/2013,22,N,1133,330,68,NA,73,149,3,1,4,5,NEC,2,4,4,NEC,,No villi in DI,13,10,5,4,NEC,82,137.4205182
213K.colon.tissue,213K,Colon,Tissue,CSS,NEC,Fed,213,K,CSS,NEC-CSS,CSS-NEC,eg,Rosenbaum,F,8/26/2013,771,8/31/2013,22,N,1133,330,68,NA,73,149,3,1,4,5,NEC,2,4,4,NEC,,No villi in DI,13,10,5,4,NEC,82,137.4205182
213K.DI,213K,Ileum,Contents,CSS,NEC,Fed,213,K,CSS,NEC-CSS,CSS-NEC,eg,Rosenbaum,F,8/26/2013,771,8/31/2013,22,N,1133,330,68,NA,73,149,3,1,4,5,NEC,2,4,4,NEC,,No villi in DI,13,10,5,4,NEC,82,137.4205182
213K.DI.tissue,213K,Ileum,Tissue,CSS,NEC,Fed,213,K,CSS,NEC-CSS,CSS-NEC,eg,Rosenbaum,F,8/26/2013,771,8/31/2013,22,N,1133,330,68,NA,73,149,3,1,4,5,NEC,2,4,4,NEC,,No villi in DI,13,10,5,4,NEC,82,137.4205182
213K.stom,213K,Stomach,Contents,CSS,NEC,Fed,213,K,CSS,NEC-CSS,CSS-NEC,eg,Rosenbaum,F,8/26/2013,771,8/31/2013,22,N,1133,330,68,NA,73,149,3,1,4,5,NEC,2,4,4,NEC,,No villi in DI,13,10,5,4,NEC,82,137.4205182
213N.colon,213N,Colon,Contents,CSS,Healthy,Fed,213,N,CSS,Healthy-CSS,CSS-Healthy,eg,Rosenbaum,F,8/26/2013,845,9/2/2013,7.5,Y,1288,317,63,393,84,176,1,1,1,1,Healthy,0,0,0,Healthy,,,4,0,1,0,Healthy,115.5,108.9372166
213N.colon.tissue,213N,Colon,Tissue,CSS,Healthy,Fed,213,N,CSS,Healthy-CSS,CSS-Healthy,eg,Rosenbaum,F,8/26/2013,845,9/2/2013,7.5,Y,1288,317,63,393,84,176,1,1,1,1,Healthy,0,0,0,Healthy,,,4,0,1,0,Healthy,115.5,108.9372166
213N.stom,213N,Stomach,Contents,CSS,Healthy,Fed,213,N,CSS,Healthy-CSS,CSS-Healthy,eg,Rosenbaum,F,8/26/2013,845,9/2/2013,7.5,Y,1288,317,63,393,84,176,1,1,1,1,Healthy,0,0,0,Healthy,,,4,0,1,0,Healthy,115.5,108.9372166
213N.DI,213N,Ileum,Contents,CSS,Healthy,Fed,213,N,CSS,Healthy-CSS,CSS-Healthy,eg,Rosenbaum,F,8/26/2013,845,9/2/2013,7.5,Y,1288,317,63,393,84,176,1,1,1,1,Healthy,0,0,0,Healthy,,,4,0,1,0,Healthy,115.5,108.9372166
213N.DI.tissue,213N,Ileum,Tissue,CSS,Healthy,Fed,213,N,CSS,Healthy-CSS,CSS-Healthy,eg,Rosenbaum,F,8/26/2013,845,9/2/2013,7.5,Y,1288,317,63,393,84,176,1,1,1,1,Healthy,0,0,0,Healthy,,,4,0,1,0,Healthy,115.5,108.9372166
214A.DI.tissue,214A,Ileum,Tissue,CSS,Healthy,Fed,214,A,CSS,Healthy-CSS,CSS-Healthy,eg,Rosenbaum,F,9/19/2013,800,9/26/2013,10.66666667,Y,1232,422,89,626,104,227,1,1,1,1,Healthy,0,0,0,Healthy,,,4,0,1,0,Healthy,118.6666667,109.2134831
214A.colon.tissue,214A,Colon,Tissue,CSS,Healthy,Fed,214,A,CSS,Healthy-CSS,CSS-Healthy,eg,Rosenbaum,F,9/19/2013,800,9/26/2013,10.66666667,Y,1232,422,89,626,104,227,1,1,1,1,Healthy,0,0,0,Healthy,,,4,0,1,0,Healthy,118.6666667,109.2134831
214A.colon,214A,Colon,Contents,CSS,Healthy,Fed,214,A,CSS,Healthy-CSS,CSS-Healthy,eg,Rosenbaum,F,9/19/2013,800,9/26/2013,10.66666667,Y,1232,422,89,626,104,227,1,1,1,1,Healthy,0,0,0,Healthy,,,4,0,1,0,Healthy,118.6666667,109.2134831
214A.DI,214A,Ileum,Contents,CSS,Healthy,Fed,214,A,CSS,Healthy-CSS,CSS-Healthy,eg,Rosenbaum,F,9/19/2013,800,9/26/2013,10.66666667,Y,1232,422,89,626,104,227,1,1,1,1,Healthy,0,0,0,Healthy,,,4,0,1,0,Healthy,118.6666667,109.2134831
214A.stom,214A,Stomach,Contents,CSS,Healthy,Fed,214,A,CSS,Healthy-CSS,CSS-Healthy,eg,Rosenbaum,F,9/19/2013,800,9/26/2013,10.66666667,Y,1232,422,89,626,104,227,1,1,1,1,Healthy,0,0,0,Healthy,,,4,0,1,0,Healthy,118.6666667,109.2134831
214B.DI.tissue,214B,Ileum,Tissue,LAC,Healthy,Fed,214,B,LAC,Healthy-LAC,LAC-Healthy,eg,Rosenbaum,M,9/19/2013,693,9/26/2013,7.4,Y,1063,417,74,603,94,216,1,1,1,1,Healthy,0,0,0,Healthy,,,4,0,1,0,Healthy,115.4,111.0385859
214B.stom,214B,Stomach,Contents,LAC,Healthy,Fed,214,B,LAC,Healthy-LAC,LAC-Healthy,eg,Rosenbaum,M,9/19/2013,693,9/26/2013,7.4,Y,1063,417,74,603,94,216,1,1,1,1,Healthy,0,0,0,Healthy,,,4,0,1,0,Healthy,115.4,111.0385859
214B.colon.tissue,214B,Colon,Tissue,LAC,Healthy,Fed,214,B,LAC,Healthy-LAC,LAC-Healthy,eg,Rosenbaum,M,9/19/2013,693,9/26/2013,7.4,Y,1063,417,74,603,94,216,1,1,1,1,Healthy,0,0,0,Healthy,,,4,0,1,0,Healthy,115.4,111.0385859
214B.DI,214B,Ileum,Contents,LAC,Healthy,Fed,214,B,LAC,Healthy-LAC,LAC-Healthy,eg,Rosenbaum,M,9/19/2013,693,9/26/2013,7.4,Y,1063,417,74,603,94,216,1,1,1,1,Healthy,0,0,0,Healthy,,,4,0,1,0,Healthy,115.4,111.0385859
214B.colon,214B,Colon,Contents,LAC,Healthy,Fed,214,B,LAC,Healthy-LAC,LAC-Healthy,eg,Rosenbaum,M,9/19/2013,693,9/26/2013,7.4,Y,1063,417,74,603,94,216,1,1,1,1,Healthy,0,0,0,Healthy,,,4,0,1,0,Healthy,115.4,111.0385859
214D.DI.tissue,214D,Ileum,Tissue,Newborn,Healthy,Newborn,214,D,NEW,NEW,NEW,NA,Rosenbaum,F,9/19/2013,NA,9/19/2013,NA,NA,NA,231,65,255,74,310,NA,NA,NA,NA,NA,NA,NA,NA,NA,,"Damage in DI not many villi, inflammation in colon and looks abnormal",NA,NA,NA,NA,NA,NA,NA
214D.colon,214D,Colon,Contents,Newborn,Healthy,Newborn,214,D,NEW,NEW,NEW,NA,Rosenbaum,F,9/19/2013,NA,9/19/2013,NA,NA,NA,231,65,255,74,310,NA,NA,NA,NA,NA,NA,NA,NA,NA,,"Damage in DI not many villi, inflammation in colon and looks abnormal",NA,NA,NA,NA,NA,NA,NA
214D.stom,214D,Stomach,Contents,Newborn,Healthy,Newborn,214,D,NEW,NEW,NEW,NA,Rosenbaum,F,9/19/2013,NA,9/19/2013,NA,NA,NA,231,65,255,74,310,NA,NA,NA,NA,NA,NA,NA,NA,NA,,"Damage in DI not many villi, inflammation in colon and looks abnormal",NA,NA,NA,NA,NA,NA,NA
214D.colon.tissue,214D,Colon,Tissue,Newborn,Healthy,Newborn,214,D,NEW,NEW,NEW,NA,Rosenbaum,F,9/19/2013,NA,9/19/2013,NA,NA,NA,231,65,255,74,310,NA,NA,NA,NA,NA,NA,NA,NA,NA,,"Damage in DI not many villi, inflammation in colon and looks abnormal",NA,NA,NA,NA,NA,NA,NA
214D.DI,214D,Ileum,Contents,Newborn,Healthy,Newborn,214,D,NEW,NEW,NEW,NA,Rosenbaum,F,9/19/2013,NA,9/19/2013,NA,NA,NA,231,65,255,74,310,NA,NA,NA,NA,NA,NA,NA,NA,NA,,"Damage in DI not many villi, inflammation in colon and looks abnormal",NA,NA,NA,NA,NA,NA,NA
214E.colon,214E,Colon,Contents,LAC,NEC,Fed,214,E,LAC,NEC-LAC,LAC-NEC,eg,Rosenbaum,F,9/19/2013,835,9/26/2013,7.916666667,Y,1396,267,82,209,94,NA,1,2,3,3,NEC,1,2,NA,NEC,,Colon slide missing,9,NA,3,NA,NEC,115.9166667,139.1046806
214E.DI,214E,Ileum,Contents,LAC,NEC,Fed,214,E,LAC,NEC-LAC,LAC-NEC,eg,Rosenbaum,F,9/19/2013,835,9/26/2013,7.916666667,Y,1396,267,82,209,94,NA,1,2,3,3,NEC,1,2,NA,NEC,,Colon slide missing,9,NA,3,NA,NEC,115.9166667,139.1046806
214E.DI.tissue,214E,Ileum,Tissue,LAC,NEC,Fed,214,E,LAC,NEC-LAC,LAC-NEC,eg,Rosenbaum,F,9/19/2013,835,9/26/2013,7.916666667,Y,1396,267,82,209,94,NA,1,2,3,3,NEC,1,2,NA,NEC,,Colon slide missing,9,NA,3,NA,NEC,115.9166667,139.1046806
214E.colon.tissue,214E,Colon,Tissue,LAC,NEC,Fed,214,E,LAC,NEC-LAC,LAC-NEC,eg,Rosenbaum,F,9/19/2013,835,9/26/2013,7.916666667,Y,1396,267,82,209,94,NA,1,2,3,3,NEC,1,2,NA,NEC,,Colon slide missing,9,NA,3,NA,NEC,115.9166667,139.1046806
214E.stom,214E,Stomach,Contents,LAC,NEC,Fed,214,E,LAC,NEC-LAC,LAC-NEC,eg,Rosenbaum,F,9/19/2013,835,9/26/2013,7.916666667,Y,1396,267,82,209,94,NA,1,2,3,3,NEC,1,2,NA,NEC,,Colon slide missing,9,NA,3,NA,NEC,115.9166667,139.1046806
214F.colon,214F,Colon,Contents,LAC,Healthy,Fed,214,F,LAC,Healthy-LAC,LAC-Healthy,eg,Rosenbaum,M,9/19/2013,904,9/26/2013,8.466666667,Y,1508,369,91,588,105,261,1,1,1,1,Healthy,0,0,0,Healthy,,,4,0,1,0,Healthy,116.4666667,137.6822973
214F.colon.tissue,214F,Colon,Tissue,LAC,Healthy,Fed,214,F,LAC,Healthy-LAC,LAC-Healthy,eg,Rosenbaum,M,9/19/2013,904,9/26/2013,8.466666667,Y,1508,369,91,588,105,261,1,1,1,1,Healthy,0,0,0,Healthy,,,4,0,1,0,Healthy,116.4666667,137.6822973
214F.DI,214F,Ileum,Contents,LAC,Healthy,Fed,214,F,LAC,Healthy-LAC,LAC-Healthy,eg,Rosenbaum,M,9/19/2013,904,9/26/2013,8.466666667,Y,1508,369,91,588,105,261,1,1,1,1,Healthy,0,0,0,Healthy,,,4,0,1,0,Healthy,116.4666667,137.6822973
214F.stom,214F,Stomach,Contents,LAC,Healthy,Fed,214,F,LAC,Healthy-LAC,LAC-Healthy,eg,Rosenbaum,M,9/19/2013,904,9/26/2013,8.466666667,Y,1508,369,91,588,105,261,1,1,1,1,Healthy,0,0,0,Healthy,,,4,0,1,0,Healthy,116.4666667,137.6822973
214F.DI.tissue,214F,Ileum,Tissue,LAC,Healthy,Fed,214,F,LAC,Healthy-LAC,LAC-Healthy,eg,Rosenbaum,M,9/19/2013,904,9/26/2013,8.466666667,Y,1508,369,91,588,105,261,1,1,1,1,Healthy,0,0,0,Healthy,,,4,0,1,0,Healthy,116.4666667,137.6822973
214G.stom,214G,Stomach,Contents,CSS,Healthy,Fed,214,G,CSS,Healthy-CSS,CSS-Healthy,eg,Rosenbaum,F,9/19/2013,986,9/26/2013,11.08333333,Y,1479,535,85,593,100,205,1,1,1,1,Healthy,0,0,0,Healthy,,,4,0,1,0,Healthy,119.0833333,100.7697691
214G.DI.tissue,214G,Ileum,Tissue,CSS,Healthy,Fed,214,G,CSS,Healthy-CSS,CSS-Healthy,eg,Rosenbaum,F,9/19/2013,986,9/26/2013,11.08333333,Y,1479,535,85,593,100,205,1,1,1,1,Healthy,0,0,0,Healthy,,,4,0,1,0,Healthy,119.0833333,100.7697691
214G.colon,214G,Colon,Contents,CSS,Healthy,Fed,214,G,CSS,Healthy-CSS,CSS-Healthy,eg,Rosenbaum,F,9/19/2013,986,9/26/2013,11.08333333,Y,1479,535,85,593,100,205,1,1,1,1,Healthy,0,0,0,Healthy,,,4,0,1,0,Healthy,119.0833333,100.7697691
214G.DI,214G,Ileum,Contents,CSS,Healthy,Fed,214,G,CSS,Healthy-CSS,CSS-Healthy,eg,Rosenbaum,F,9/19/2013,986,9/26/2013,11.08333333,Y,1479,535,85,593,100,205,1,1,1,1,Healthy,0,0,0,Healthy,,,4,0,1,0,Healthy,119.0833333,100.7697691
214G.colon.tissue,214G,Colon,Tissue,CSS,Healthy,Fed,214,G,CSS,Healthy-CSS,CSS-Healthy,eg,Rosenbaum,F,9/19/2013,986,9/26/2013,11.08333333,Y,1479,535,85,593,100,205,1,1,1,1,Healthy,0,0,0,Healthy,,,4,0,1,0,Healthy,119.0833333,100.7697691
214H.DI.tissue,214H,Ileum,Tissue,CSS,NEC,Fed,214,H,CSS,NEC-CSS,CSS-NEC,eg,Rosenbaum,F,9/19/2013,890,9/26/2013,11.61666667,Y,1360,533,83,602,103,212,1,1,1,6,NEC,0,0,3,NEC,,,9,3,6,3,NEC,119.6166667,105.9564495
214H.colon,214H,Colon,Contents,CSS,NEC,Fed,214,H,CSS,NEC-CSS,CSS-NEC,eg,Rosenbaum,F,9/19/2013,890,9/26/2013,11.61666667,Y,1360,533,83,602,103,212,1,1,1,6,NEC,0,0,3,NEC,,,9,3,6,3,NEC,119.6166667,105.9564495
214H.colon.tissue,214H,Colon,Tissue,CSS,NEC,Fed,214,H,CSS,NEC-CSS,CSS-NEC,eg,Rosenbaum,F,9/19/2013,890,9/26/2013,11.61666667,Y,1360,533,83,602,103,212,1,1,1,6,NEC,0,0,3,NEC,,,9,3,6,3,NEC,119.6166667,105.9564495
214H.stom,214H,Stomach,Contents,CSS,NEC,Fed,214,H,CSS,NEC-CSS,CSS-NEC,eg,Rosenbaum,F,9/19/2013,890,9/26/2013,11.61666667,Y,1360,533,83,602,103,212,1,1,1,6,NEC,0,0,3,NEC,,,9,3,6,3,NEC,119.6166667,105.9564495
214H.DI,214H,Ileum,Contents,CSS,NEC,Fed,214,H,CSS,NEC-CSS,CSS-NEC,eg,Rosenbaum,F,9/19/2013,890,9/26/2013,11.61666667,Y,1360,533,83,602,103,212,1,1,1,6,NEC,0,0,3,NEC,,,9,3,6,3,NEC,119.6166667,105.9564495
214I.colon,214I,Colon,Contents,LAC,Healthy,Fed,214,I,LAC,Healthy-LAC,LAC-Healthy,eg,Rosenbaum,F,9/19/2013,654,9/26/2013,9,N,1004,543,84,658,105,286,1,1,1,1,Healthy,1,0,0,Healthy,,,4,1,1,1,Healthy,117,109.7780914
214I.DI,214I,Ileum,Contents,LAC,Healthy,Fed,214,I,LAC,Healthy-LAC,LAC-Healthy,eg,Rosenbaum,F,9/19/2013,654,9/26/2013,9,N,1004,543,84,658,105,286,1,1,1,1,Healthy,1,0,0,Healthy,,,4,1,1,1,Healthy,117,109.7780914
214I.stom,214I,Stomach,Contents,LAC,Healthy,Fed,214,I,LAC,Healthy-LAC,LAC-Healthy,eg,Rosenbaum,F,9/19/2013,654,9/26/2013,9,N,1004,543,84,658,105,286,1,1,1,1,Healthy,1,0,0,Healthy,,,4,1,1,1,Healthy,117,109.7780914
214I.colon.tissue,214I,Colon,Tissue,LAC,Healthy,Fed,214,I,LAC,Healthy-LAC,LAC-Healthy,eg,Rosenbaum,F,9/19/2013,654,9/26/2013,9,N,1004,543,84,658,105,286,1,1,1,1,Healthy,1,0,0,Healthy,,,4,1,1,1,Healthy,117,109.7780914
214K.DI.tissue,214K,Ileum,Tissue,CSS,NEC,Fed,214,K,CSS,NEC-CSS,CSS-NEC,eg,Rosenbaum,M,9/19/2013,435,9/21/2013,15,N,432,269,63,102,48,297,3,3,4,3,NEC,2,3,2,NEC,,,13,7,4,3,NEC,3,-55.17241379
214K.stom,214K,Stomach,Contents,CSS,NEC,Fed,214,K,CSS,NEC-CSS,CSS-NEC,eg,Rosenbaum,M,9/19/2013,435,9/21/2013,15,N,432,269,63,102,48,297,3,3,4,3,NEC,2,3,2,NEC,,,13,7,4,3,NEC,3,-55.17241379
214K.colon.tissue,214K,Colon,Tissue,CSS,NEC,Fed,214,K,CSS,NEC-CSS,CSS-NEC,eg,Rosenbaum,M,9/19/2013,435,9/21/2013,15,N,432,269,63,102,48,297,3,3,4,3,NEC,2,3,2,NEC,,,13,7,4,3,NEC,3,-55.17241379
214K.DI,214K,Ileum,Contents,CSS,NEC,Fed,214,K,CSS,NEC-CSS,CSS-NEC,eg,Rosenbaum,M,9/19/2013,435,9/21/2013,15,N,432,269,63,102,48,297,3,3,4,3,NEC,2,3,2,NEC,,,13,7,4,3,NEC,3,-55.17241379
214K.colon,214K,Colon,Contents,CSS,NEC,Fed,214,K,CSS,NEC-CSS,CSS-NEC,eg,Rosenbaum,M,9/19/2013,435,9/21/2013,15,N,432,269,63,102,48,297,3,3,4,3,NEC,2,3,2,NEC,,,13,7,4,3,NEC,3,-55.17241379
214L.DI.tissue,214L,Ileum,Tissue,LAC,Healthy,Fed,214,L,LAC,Healthy-LAC,LAC-Healthy,eg,Rosenbaum,M,9/19/2013,1085,9/26/2013,9.583333333,N,1706,515,83,529,100,318,1,1,1,1,Healthy,0,0,0,Healthy,,,4,0,1,0,Healthy,117.5833333,116.822726
214L.stom,214L,Stomach,Contents,LAC,Healthy,Fed,214,L,LAC,Healthy-LAC,LAC-Healthy,eg,Rosenbaum,M,9/19/2013,1085,9/26/2013,9.583333333,N,1706,515,83,529,100,318,1,1,1,1,Healthy,0,0,0,Healthy,,,4,0,1,0,Healthy,117.5833333,116.822726
214L.DI,214L,Ileum,Contents,LAC,Healthy,Fed,214,L,LAC,Healthy-LAC,LAC-Healthy,eg,Rosenbaum,M,9/19/2013,1085,9/26/2013,9.583333333,N,1706,515,83,529,100,318,1,1,1,1,Healthy,0,0,0,Healthy,,,4,0,1,0,Healthy,117.5833333,116.822726
214L.colon.tissue.2,214L,Colon,Tissue,LAC,Healthy,Fed,214,L,LAC,Healthy-LAC,LAC-Healthy,eg,Rosenbaum,M,9/19/2013,1085,9/26/2013,9.583333333,N,1706,515,83,529,100,318,1,1,1,1,Healthy,0,0,0,Healthy,,,4,0,1,0,Healthy,117.5833333,116.822726
214L.colon,214L,Colon,Contents,LAC,Healthy,Fed,214,L,LAC,Healthy-LAC,LAC-Healthy,eg,Rosenbaum,M,9/19/2013,1085,9/26/2013,9.583333333,N,1706,515,83,529,100,318,1,1,1,1,Healthy,0,0,0,Healthy,,,4,0,1,0,Healthy,117.5833333,116.822726
214L.colon.tissue.1,214L,Colon,Tissue,LAC,Healthy,Fed,214,L,LAC,Healthy-LAC,LAC-Healthy,eg,Rosenbaum,M,9/19/2013,1085,9/26/2013,9.583333333,N,1706,515,83,529,100,318,1,1,1,1,Healthy,0,0,0,Healthy,,,4,0,1,0,Healthy,117.5833333,116.822726
215B.colon,215B,Colon,Contents,LAC,Healthy,Fed,215,B,LAC,Healthy-LAC,LAC-Healthy,eg,Rosenbaum,F,9/20/2013,1051,9/27/2013,7.666666667,Y,1661,540,92,625,106,241,1,1,1,1,Healthy,0,0,0,Healthy,,,4,0,1,0,Healthy,115.6666667,120.4287395
215B.DI,215B,Ileum,Contents,LAC,Healthy,Fed,215,B,LAC,Healthy-LAC,LAC-Healthy,eg,Rosenbaum,F,9/20/2013,1051,9/27/2013,7.666666667,Y,1661,540,92,625,106,241,1,1,1,1,Healthy,0,0,0,Healthy,,,4,0,1,0,Healthy,115.6666667,120.4287395
215B.DI.tissue,215B,Ileum,Tissue,LAC,Healthy,Fed,215,B,LAC,Healthy-LAC,LAC-Healthy,eg,Rosenbaum,F,9/20/2013,1051,9/27/2013,7.666666667,Y,1661,540,92,625,106,241,1,1,1,1,Healthy,0,0,0,Healthy,,,4,0,1,0,Healthy,115.6666667,120.4287395
215B.stom,215B,Stomach,Contents,LAC,Healthy,Fed,215,B,LAC,Healthy-LAC,LAC-Healthy,eg,Rosenbaum,F,9/20/2013,1051,9/27/2013,7.666666667,Y,1661,540,92,625,106,241,1,1,1,1,Healthy,0,0,0,Healthy,,,4,0,1,0,Healthy,115.6666667,120.4287395
215B.colon.tissue,215B,Colon,Tissue,LAC,Healthy,Fed,215,B,LAC,Healthy-LAC,LAC-Healthy,eg,Rosenbaum,F,9/20/2013,1051,9/27/2013,7.666666667,Y,1661,540,92,625,106,241,1,1,1,1,Healthy,0,0,0,Healthy,,,4,0,1,0,Healthy,115.6666667,120.4287395
215C.colon.tissue,215C,Colon,Tissue,CSS,Healthy,Fed,215,C,CSS,Healthy-CSS,CSS-Healthy,eg,Rosenbaum,F,9/20/2013,1042,9/26/2013,9.166666667,Y,1519,535,86,644,108,207,1,1,1,1,Healthy,0,0,0,Healthy,DSCF1885.jpg,Euthanized early accidentally?,4,0,1,0,Healthy,93.16666667,117.9237671
215C.colon,215C,Colon,Contents,CSS,Healthy,Fed,215,C,CSS,Healthy-CSS,CSS-Healthy,eg,Rosenbaum,F,9/20/2013,1042,9/26/2013,9.166666667,Y,1519,535,86,644,108,207,1,1,1,1,Healthy,0,0,0,Healthy,DSCF1885.jpg,Euthanized early accidentally?,4,0,1,0,Healthy,93.16666667,117.9237671
215C.DI,215C,Ileum,Contents,CSS,Healthy,Fed,215,C,CSS,Healthy-CSS,CSS-Healthy,eg,Rosenbaum,F,9/20/2013,1042,9/26/2013,9.166666667,Y,1519,535,86,644,108,207,1,1,1,1,Healthy,0,0,0,Healthy,DSCF1885.jpg,Euthanized early accidentally?,4,0,1,0,Healthy,93.16666667,117.9237671
215C.DI.tissue,215C,Ileum,Tissue,CSS,Healthy,Fed,215,C,CSS,Healthy-CSS,CSS-Healthy,eg,Rosenbaum,F,9/20/2013,1042,9/26/2013,9.166666667,Y,1519,535,86,644,108,207,1,1,1,1,Healthy,0,0,0,Healthy,DSCF1885.jpg,Euthanized early accidentally?,4,0,1,0,Healthy,93.16666667,117.9237671
215C.stom,215C,Stomach,Contents,CSS,Healthy,Fed,215,C,CSS,Healthy-CSS,CSS-Healthy,eg,Rosenbaum,F,9/20/2013,1042,9/26/2013,9.166666667,Y,1519,535,86,644,108,207,1,1,1,1,Healthy,0,0,0,Healthy,DSCF1885.jpg,Euthanized early accidentally?,4,0,1,0,Healthy,93.16666667,117.9237671
215D.DI.tissue,215G,Ileum,Tissue,LAC,NEC,Fed,215,G,LAC,NEC-LAC,LAC-NEC,eg,Rosenbaum,F,9/20/2013,854,9/24/2013,4,N,996,322,59,250,94,312,4,3,3,1,NEC,2,3,2,NEC,,abnormal colon looks like villi,11,7,4,3,NEC,40,99.76580796
215G.colon,215G,Colon,Contents,LAC,NEC,Fed,215,G,LAC,NEC-LAC,LAC-NEC,eg,Rosenbaum,F,9/20/2013,854,9/24/2013,4,N,996,322,59,250,94,312,4,3,3,1,NEC,2,3,2,NEC,,abnormal colon looks like villi,11,7,4,3,NEC,40,99.76580796
215G.colon.tissue,215G,Colon,Tissue,LAC,NEC,Fed,215,G,LAC,NEC-LAC,LAC-NEC,eg,Rosenbaum,F,9/20/2013,854,9/24/2013,4,N,996,322,59,250,94,312,4,3,3,1,NEC,2,3,2,NEC,,abnormal colon looks like villi,11,7,4,3,NEC,40,99.76580796
215G.DI,215G,Ileum,Contents,LAC,NEC,Fed,215,G,LAC,NEC-LAC,LAC-NEC,eg,Rosenbaum,F,9/20/2013,854,9/24/2013,4,N,996,322,59,250,94,312,4,3,3,1,NEC,2,3,2,NEC,,abnormal colon looks like villi,11,7,4,3,NEC,40,99.76580796
215G.stom,215G,Stomach,Contents,LAC,NEC,Fed,215,G,LAC,NEC-LAC,LAC-NEC,eg,Rosenbaum,F,9/20/2013,854,9/24/2013,4,N,996,322,59,250,94,312,4,3,3,1,NEC,2,3,2,NEC,,abnormal colon looks like villi,11,7,4,3,NEC,40,99.76580796
215H.stom,215H,Stomach,Contents,CSS,Healthy,Fed,215,H,CSS,Healthy-CSS,CSS-Healthy,eg,Rosenbaum,M,9/20/2013,1085,9/27/2013,8.25,Y,1710,595,93,650,110,213,1,1,1,1,Healthy,0,0,0,Healthy,,,4,0,1,0,Healthy,116.25,118.9237402
215H.colon,215H,Colon,Contents,CSS,Healthy,Fed,215,H,CSS,Healthy-CSS,CSS-Healthy,eg,Rosenbaum,M,9/20/2013,1085,9/27/2013,8.25,Y,1710,595,93,650,110,213,1,1,1,1,Healthy,0,0,0,Healthy,,,4,0,1,0,Healthy,116.25,118.9237402
215H.colon.tissue,215H,Colon,Tissue,CSS,Healthy,Fed,215,H,CSS,Healthy-CSS,CSS-Healthy,eg,Rosenbaum,M,9/20/2013,1085,9/27/2013,8.25,Y,1710,595,93,650,110,213,1,1,1,1,Healthy,0,0,0,Healthy,,,4,0,1,0,Healthy,116.25,118.9237402
215H.DI.tissue,215H,Ileum,Tissue,CSS,Healthy,Fed,215,H,CSS,Healthy-CSS,CSS-Healthy,eg,Rosenbaum,M,9/20/2013,1085,9/27/2013,8.25,Y,1710,595,93,650,110,213,1,1,1,1,Healthy,0,0,0,Healthy,,,4,0,1,0,Healthy,116.25,118.9237402
215H.DI,215H,Ileum,Contents,CSS,Healthy,Fed,215,H,CSS,Healthy-CSS,CSS-Healthy,eg,Rosenbaum,M,9/20/2013,1085,9/27/2013,8.25,Y,1710,595,93,650,110,213,1,1,1,1,Healthy,0,0,0,Healthy,,,4,0,1,0,Healthy,116.25,118.9237402
215K.colon,215K,Colon,Contents,CSS,NEC,Fed,215,K,CSS,NEC-CSS,CSS-NEC,eg,Rosenbaum,F,9/20/2013,1039,9/25/2013,18.33333333,N,1529,207,52,302,74,219,1,5,3,5,NEC,4,2,3,NEC,,,14,9,5,4,NEC,78.33333333,144.4924539
215K.colon.tissue,215K,Colon,Tissue,CSS,NEC,Fed,215,K,CSS,NEC-CSS,CSS-NEC,eg,Rosenbaum,F,9/20/2013,1039,9/25/2013,18.33333333,N,1529,207,52,302,74,219,1,5,3,5,NEC,4,2,3,NEC,,,14,9,5,4,NEC,78.33333333,144.4924539
215K.DI,215K,Ileum,Contents,CSS,NEC,Fed,215,K,CSS,NEC-CSS,CSS-NEC,eg,Rosenbaum,F,9/20/2013,1039,9/25/2013,18.33333333,N,1529,207,52,302,74,219,1,5,3,5,NEC,4,2,3,NEC,,,14,9,5,4,NEC,78.33333333,144.4924539
215K.DI.tissue,215K,Ileum,Tissue,CSS,NEC,Fed,215,K,CSS,NEC-CSS,CSS-NEC,eg,Rosenbaum,F,9/20/2013,1039,9/25/2013,18.33333333,N,1529,207,52,302,74,219,1,5,3,5,NEC,4,2,3,NEC,,,14,9,5,4,NEC,78.33333333,144.4924539
215K.Stom,215K,Stomach,Contents,CSS,NEC,Fed,215,K,CSS,NEC-CSS,CSS-NEC,eg,Rosenbaum,F,9/20/2013,1039,9/25/2013,18.33333333,N,1529,207,52,302,74,219,1,5,3,5,NEC,4,2,3,NEC,,,14,9,5,4,NEC,78.33333333,144.4924539
Burrin.0003789,228C,Colon,Contents,Newborn,Healthy,Newborn,228,C,NEW,NEW,NEW,NA,Rosenbaum,F,6/25/2014,1034,6/25/2014,NA,Y,1034,NA,NA,NA,NA,NA,NA,NA,NA,NA,NA,NA,NA,NA,NA,,,NA,NA,NA,NA,NA,NA,NA
Burrin.0003725,233A,Stomach,Contents,LAC,Healthy,Fed,233,A,LAC,Healthy-LAC,LAC-Healthy,eg,Rosenbaum,F,11/7/2014,1043,11/14/2014,9,Y,1614,908,89,591,98,364,1,1,1,1,Healthy,0,0,0,Healthy,,,4,0,1,0,Healthy,117,112.2993338
Burrin.0003799,233A,Colon,Contents,LAC,Healthy,Fed,233,A,LAC,Healthy-LAC,LAC-Healthy,eg,Rosenbaum,F,11/7/2014,1043,11/14/2014,9,Y,1614,908,89,591,98,364,1,1,1,1,Healthy,0,0,0,Healthy,,,4,0,1,0,Healthy,117,112.2993338
Burrin.0003907,233A,Colon,Tissue,LAC,Healthy,Fed,233,A,LAC,Healthy-LAC,LAC-Healthy,eg,Rosenbaum,F,11/7/2014,1043,11/14/2014,9,Y,1614,908,89,591,98,364,1,1,1,1,Healthy,0,0,0,Healthy,,,4,0,1,0,Healthy,117,112.2993338
Burrin.0003856,233A,Ileum,Tissue,LAC,Healthy,Fed,233,A,LAC,Healthy-LAC,LAC-Healthy,eg,Rosenbaum,F,11/7/2014,1043,11/14/2014,9,Y,1614,908,89,591,98,364,1,1,1,1,Healthy,0,0,0,Healthy,,,4,0,1,0,Healthy,117,112.2993338
Burrin.0003748,233A,Ileum,Contents,LAC,Healthy,Fed,233,A,LAC,Healthy-LAC,LAC-Healthy,eg,Rosenbaum,F,11/7/2014,1043,11/14/2014,9,Y,1614,908,89,591,98,364,1,1,1,1,Healthy,0,0,0,Healthy,,,4,0,1,0,Healthy,117,112.2993338
Burrin.0003726,233C,Stomach,Contents,LAC,Healthy,Fed,233,C,LAC,Healthy-LAC,LAC-Healthy,eg,Rosenbaum,M,11/7/2014,588,11/12/2014,1,N,781,425,79,346,86,251,1,1,1,1,Healthy,1,1,0,Healthy,,full stomach; diet only found in proximal jejunum,4,2,1,1,Healthy,61,129.1401807
Burrin.0003857,233C,Ileum,Tissue,LAC,Healthy,Fed,233,C,LAC,Healthy-LAC,LAC-Healthy,eg,Rosenbaum,M,11/7/2014,588,11/12/2014,1,N,781,425,79,346,86,251,1,1,1,1,Healthy,1,1,0,Healthy,,full stomach; diet only found in proximal jejunum,4,2,1,1,Healthy,61,129.1401807
Burrin.0003749,233C,Ileum,Contents,LAC,Healthy,Fed,233,C,LAC,Healthy-LAC,LAC-Healthy,eg,Rosenbaum,M,11/7/2014,588,11/12/2014,1,N,781,425,79,346,86,251,1,1,1,1,Healthy,1,1,0,Healthy,,full stomach; diet only found in proximal jejunum,4,2,1,1,Healthy,61,129.1401807
Burrin.0003908,233C,Colon,Tissue,LAC,Healthy,Fed,233,C,LAC,Healthy-LAC,LAC-Healthy,eg,Rosenbaum,M,11/7/2014,588,11/12/2014,1,N,781,425,79,346,86,251,1,1,1,1,Healthy,1,1,0,Healthy,,full stomach; diet only found in proximal jejunum,4,2,1,1,Healthy,61,129.1401807
Burrin.0003800,233C,Colon,Contents,LAC,Healthy,Fed,233,C,LAC,Healthy-LAC,LAC-Healthy,eg,Rosenbaum,M,11/7/2014,588,11/12/2014,1,N,781,425,79,346,86,251,1,1,1,1,Healthy,1,1,0,Healthy,,full stomach; diet only found in proximal jejunum,4,2,1,1,Healthy,61,129.1401807
Burrin.0003858,233E,Ileum,Tissue,CSS,Healthy,Fed,233,E,CSS,Healthy-CSS,CSS-Healthy,eg,Rosenbaum,M,11/7/2014,578,11/12/2014,11,Y,697,444,97,212,83,287,1,1,1,1,Healthy,0,0,0,Healthy,,full stomach; feces (diarrhea) looked like diet,4,0,1,0,Healthy,71,69.5940348
Burrin.0003727,233E,Stomach,Contents,CSS,Healthy,Fed,233,E,CSS,Healthy-CSS,CSS-Healthy,eg,Rosenbaum,M,11/7/2014,578,11/12/2014,11,Y,697,444,97,212,83,287,1,1,1,1,Healthy,0,0,0,Healthy,,full stomach; feces (diarrhea) looked like diet,4,0,1,0,Healthy,71,69.5940348
Burrin.0003801,233E,Colon,Contents,CSS,Healthy,Fed,233,E,CSS,Healthy-CSS,CSS-Healthy,eg,Rosenbaum,M,11/7/2014,578,11/12/2014,11,Y,697,444,97,212,83,287,1,1,1,1,Healthy,0,0,0,Healthy,,full stomach; feces (diarrhea) looked like diet,4,0,1,0,Healthy,71,69.5940348
Burrin.0003909,233E,Colon,Tissue,CSS,Healthy,Fed,233,E,CSS,Healthy-CSS,CSS-Healthy,eg,Rosenbaum,M,11/7/2014,578,11/12/2014,11,Y,697,444,97,212,83,287,1,1,1,1,Healthy,0,0,0,Healthy,,full stomach; feces (diarrhea) looked like diet,4,0,1,0,Healthy,71,69.5940348
Burrin.0003750,233E,Ileum,Contents,CSS,Healthy,Fed,233,E,CSS,Healthy-CSS,CSS-Healthy,eg,Rosenbaum,M,11/7/2014,578,11/12/2014,11,Y,697,444,97,212,83,287,1,1,1,1,Healthy,0,0,0,Healthy,,full stomach; feces (diarrhea) looked like diet,4,0,1,0,Healthy,71,69.5940348
Burrin.0003728,233G,Stomach,Contents,LAC,Healthy,Fed,233,G,LAC,Healthy-LAC,LAC-Healthy,eg,Rosenbaum,F,11/7/2014,689,11/10/2014,7,N,730,550,92,473,78,245,2,1,1,1,Healthy,0,1,0,Healthy,,,5,1,2,1,Healthy,19,75.16614468
Burrin.0003910,233G,Colon,Tissue,LAC,Healthy,Fed,233,G,LAC,Healthy-LAC,LAC-Healthy,eg,Rosenbaum,F,11/7/2014,689,11/10/2014,7,N,730,550,92,473,78,245,2,1,1,1,Healthy,0,1,0,Healthy,,,5,1,2,1,Healthy,19,75.16614468
Burrin.0003859,233G,Ileum,Tissue,LAC,Healthy,Fed,233,G,LAC,Healthy-LAC,LAC-Healthy,eg,Rosenbaum,F,11/7/2014,689,11/10/2014,7,N,730,550,92,473,78,245,2,1,1,1,Healthy,0,1,0,Healthy,,,5,1,2,1,Healthy,19,75.16614468
Burrin.0003802,233G,Colon,Contents,LAC,Healthy,Fed,233,G,LAC,Healthy-LAC,LAC-Healthy,eg,Rosenbaum,F,11/7/2014,689,11/10/2014,7,N,730,550,92,473,78,245,2,1,1,1,Healthy,0,1,0,Healthy,,,5,1,2,1,Healthy,19,75.16614468
Burrin.0003751,233G,Ileum,Contents,LAC,Healthy,Fed,233,G,LAC,Healthy-LAC,LAC-Healthy,eg,Rosenbaum,F,11/7/2014,689,11/10/2014,7,N,730,550,92,473,78,245,2,1,1,1,Healthy,0,1,0,Healthy,,,5,1,2,1,Healthy,19,75.16614468
Burrin.0003729,233H,Stomach,Contents,LAC,NEC,Fed,233,H,LAC,NEC-LAC,LAC-NEC,eg,Rosenbaum,F,11/7/2014,928,11/13/2014,9.5,Y,1216,353,84,78,103,316,6,2,5,5,NEC,0,3,0,NEC,,"stomach (no NEC) has ""cottage cheese"", hard contents; ileum has hard contents; OCT samples thawed for 5-6 hrs then refrozen",18,3,6,3,NEC,93.5,79.66070441
Burrin.0003911,233H,Colon,Tissue,LAC,NEC,Fed,233,H,LAC,NEC-LAC,LAC-NEC,eg,Rosenbaum,F,11/7/2014,928,11/13/2014,9.5,Y,1216,353,84,78,103,316,6,2,5,5,NEC,0,3,0,NEC,,"stomach (no NEC) has ""cottage cheese"", hard contents; ileum has hard contents; OCT samples thawed for 5-6 hrs then refrozen",18,3,6,3,NEC,93.5,79.66070441
Burrin.0003803,233H,Colon,Contents,LAC,NEC,Fed,233,H,LAC,NEC-LAC,LAC-NEC,eg,Rosenbaum,F,11/7/2014,928,11/13/2014,9.5,Y,1216,353,84,78,103,316,6,2,5,5,NEC,0,3,0,NEC,,"stomach (no NEC) has ""cottage cheese"", hard contents; ileum has hard contents; OCT samples thawed for 5-6 hrs then refrozen",18,3,6,3,NEC,93.5,79.66070441
Burrin.0003860,233H,Ileum,Tissue,LAC,NEC,Fed,233,H,LAC,NEC-LAC,LAC-NEC,eg,Rosenbaum,F,11/7/2014,928,11/13/2014,9.5,Y,1216,353,84,78,103,316,6,2,5,5,NEC,0,3,0,NEC,,"stomach (no NEC) has ""cottage cheese"", hard contents; ileum has hard contents; OCT samples thawed for 5-6 hrs then refrozen",18,3,6,3,NEC,93.5,79.66070441
Burrin.0003752,233H,Ileum,Contents,LAC,NEC,Fed,233,H,LAC,NEC-LAC,LAC-NEC,eg,Rosenbaum,F,11/7/2014,928,11/13/2014,9.5,Y,1216,353,84,78,103,316,6,2,5,5,NEC,0,3,0,NEC,,"stomach (no NEC) has ""cottage cheese"", hard contents; ileum has hard contents; OCT samples thawed for 5-6 hrs then refrozen",18,3,6,3,NEC,93.5,79.66070441
Burrin.0003912,233I,Colon,Tissue,CSS,NEC,Fed,233,I,CSS,NEC-CSS,CSS-NEC,eg,Rosenbaum,M,11/7/2014,668,11/11/2014,14.5,N,820,457,88,490,91,234,1,2,4,1,NEC,1,0,1,Healthy,,,8,2,4,1,NEC,50.5,108.1401553
Burrin.0003804,233I,Colon,Contents,CSS,NEC,Fed,233,I,CSS,NEC-CSS,CSS-NEC,eg,Rosenbaum,M,11/7/2014,668,11/11/2014,14.5,N,820,457,88,490,91,234,1,2,4,1,NEC,1,0,1,Healthy,,,8,2,4,1,NEC,50.5,108.1401553
Burrin.0003730,233I,Stomach,Contents,CSS,NEC,Fed,233,I,CSS,NEC-CSS,CSS-NEC,eg,Rosenbaum,M,11/7/2014,668,11/11/2014,14.5,N,820,457,88,490,91,234,1,2,4,1,NEC,1,0,1,Healthy,,,8,2,4,1,NEC,50.5,108.1401553
Burrin.0003861,233I,Ileum,Tissue,CSS,NEC,Fed,233,I,CSS,NEC-CSS,CSS-NEC,eg,Rosenbaum,M,11/7/2014,668,11/11/2014,14.5,N,820,457,88,490,91,234,1,2,4,1,NEC,1,0,1,Healthy,,,8,2,4,1,NEC,50.5,108.1401553
Burrin.0003753,233I,Ileum,Contents,CSS,NEC,Fed,233,I,CSS,NEC-CSS,CSS-NEC,eg,Rosenbaum,M,11/7/2014,668,11/11/2014,14.5,N,820,457,88,490,91,234,1,2,4,1,NEC,1,0,1,Healthy,,,8,2,4,1,NEC,50.5,108.1401553
Burrin.0003913,233K,Colon,Tissue,CSS,NEC,Fed,233,K,CSS,NEC-CSS,CSS-NEC,eg,Rosenbaum,M,11/7/2014,1069,11/14/2014,10,Y,1545,720,93,633,98,194,1,2,2,3,NEC,0,0,2,NEC,,,8,2,3,2,NEC,118,90.5646018
Burrin.0003731,233K,Stomach,Contents,CSS,NEC,Fed,233,K,CSS,NEC-CSS,CSS-NEC,eg,Rosenbaum,M,11/7/2014,1069,11/14/2014,10,Y,1545,720,93,633,98,194,1,2,2,3,NEC,0,0,2,NEC,,,8,2,3,2,NEC,118,90.5646018
Burrin.0003862,233K,Ileum,Tissue,CSS,NEC,Fed,233,K,CSS,NEC-CSS,CSS-NEC,eg,Rosenbaum,M,11/7/2014,1069,11/14/2014,10,Y,1545,720,93,633,98,194,1,2,2,3,NEC,0,0,2,NEC,,,8,2,3,2,NEC,118,90.5646018
Burrin.0003805,233K,Colon,Contents,CSS,NEC,Fed,233,K,CSS,NEC-CSS,CSS-NEC,eg,Rosenbaum,M,11/7/2014,1069,11/14/2014,10,Y,1545,720,93,633,98,194,1,2,2,3,NEC,0,0,2,NEC,,,8,2,3,2,NEC,118,90.5646018
Burrin.0003754,233K,Ileum,Contents,CSS,NEC,Fed,233,K,CSS,NEC-CSS,CSS-NEC,eg,Rosenbaum,M,11/7/2014,1069,11/14/2014,10,Y,1545,720,93,633,98,194,1,2,2,3,NEC,0,0,2,NEC,,,8,2,3,2,NEC,118,90.5646018
Burrin.0003732,233L,Stomach,Contents,MIX,Healthy,Fed,233,L,MIX,Healthy-MIX,MIX-Healthy,eg,Rosenbaum,M,11/7/2014,992,11/14/2014,10.91666667,Y,1530,480,84,528,96,235,1,1,1,1,Healthy,1,0,0,Healthy,,,4,1,1,1,Healthy,118.9166667,109.4558853
Burrin.0003863,233L,Ileum,Tissue,MIX,Healthy,Fed,233,L,MIX,Healthy-MIX,MIX-Healthy,eg,Rosenbaum,M,11/7/2014,992,11/14/2014,10.91666667,Y,1530,480,84,528,96,235,1,1,1,1,Healthy,1,0,0,Healthy,,,4,1,1,1,Healthy,118.9166667,109.4558853
Burrin.0003806,233L,Colon,Contents,MIX,Healthy,Fed,233,L,MIX,Healthy-MIX,MIX-Healthy,eg,Rosenbaum,M,11/7/2014,992,11/14/2014,10.91666667,Y,1530,480,84,528,96,235,1,1,1,1,Healthy,1,0,0,Healthy,,,4,1,1,1,Healthy,118.9166667,109.4558853
Burrin.0003914,233L,Colon,Tissue,MIX,Healthy,Fed,233,L,MIX,Healthy-MIX,MIX-Healthy,eg,Rosenbaum,M,11/7/2014,992,11/14/2014,10.91666667,Y,1530,480,84,528,96,235,1,1,1,1,Healthy,1,0,0,Healthy,,,4,1,1,1,Healthy,118.9166667,109.4558853
Burrin.0003755,233L,Ileum,Contents,MIX,Healthy,Fed,233,L,MIX,Healthy-MIX,MIX-Healthy,eg,Rosenbaum,M,11/7/2014,992,11/14/2014,10.91666667,Y,1530,480,84,528,96,235,1,1,1,1,Healthy,1,0,0,Healthy,,,4,1,1,1,Healthy,118.9166667,109.4558853
Burrin.0003915,233M,Colon,Tissue,MIX,NEC,Fed,233,M,MIX,NEC-MIX,MIX-NEC,eg,Rosenbaum,M,11/7/2014,651,11/12/2014,7.666666667,Y,916,441,72,99,52,130,5,3,6,5,NEC,1,4,3,NEC,,,19,8,6,4,NEC,67.66666667,144.3781072
Burrin.0003864,233M,Ileum,Tissue,MIX,NEC,Fed,233,M,MIX,NEC-MIX,MIX-NEC,eg,Rosenbaum,M,11/7/2014,651,11/12/2014,7.666666667,Y,916,441,72,99,52,130,5,3,6,5,NEC,1,4,3,NEC,,,19,8,6,4,NEC,67.66666667,144.3781072
Burrin.0003807,233M,Colon,Contents,MIX,NEC,Fed,233,M,MIX,NEC-MIX,MIX-NEC,eg,Rosenbaum,M,11/7/2014,651,11/12/2014,7.666666667,Y,916,441,72,99,52,130,5,3,6,5,NEC,1,4,3,NEC,,,19,8,6,4,NEC,67.66666667,144.3781072
Burrin.0003733,233M,Stomach,Contents,MIX,NEC,Fed,233,M,MIX,NEC-MIX,MIX-NEC,eg,Rosenbaum,M,11/7/2014,651,11/12/2014,7.666666667,Y,916,441,72,99,52,130,5,3,6,5,NEC,1,4,3,NEC,,,19,8,6,4,NEC,67.66666667,144.3781072
Burrin.0003756,233M,Ileum,Contents,MIX,NEC,Fed,233,M,MIX,NEC-MIX,MIX-NEC,eg,Rosenbaum,M,11/7/2014,651,11/12/2014,7.666666667,Y,916,441,72,99,52,130,5,3,6,5,NEC,1,4,3,NEC,,,19,8,6,4,NEC,67.66666667,144.3781072
Burrin.0003865,233N,Ileum,Tissue,CSS,NEC,Fed,233,N,CSS,NEC-CSS,CSS-NEC,eg,Rosenbaum,F,11/7/2014,649,11/10/2014,23.5,Y,720,360,75,96,69,213,6,4,5,6,NEC,2,3,2,NEC,,,21,7,6,3,NEC,35.5,73.95993837
Burrin.0003916,233N,Colon,Tissue,CSS,NEC,Fed,233,N,CSS,NEC-CSS,CSS-NEC,eg,Rosenbaum,F,11/7/2014,649,11/10/2014,23.5,Y,720,360,75,96,69,213,6,4,5,6,NEC,2,3,2,NEC,,,21,7,6,3,NEC,35.5,73.95993837
Burrin.0003757,233N,Ileum,Contents,CSS,NEC,Fed,233,N,CSS,NEC-CSS,CSS-NEC,eg,Rosenbaum,F,11/7/2014,649,11/10/2014,23.5,Y,720,360,75,96,69,213,6,4,5,6,NEC,2,3,2,NEC,,,21,7,6,3,NEC,35.5,73.95993837
Burrin.0003808,233N,Colon,Contents,CSS,NEC,Fed,233,N,CSS,NEC-CSS,CSS-NEC,eg,Rosenbaum,F,11/7/2014,649,11/10/2014,23.5,Y,720,360,75,96,69,213,6,4,5,6,NEC,2,3,2,NEC,,,21,7,6,3,NEC,35.5,73.95993837
Burrin.0003734,233N,Stomach,Contents,CSS,NEC,Fed,233,N,CSS,NEC-CSS,CSS-NEC,eg,Rosenbaum,F,11/7/2014,649,11/10/2014,23.5,Y,720,360,75,96,69,213,6,4,5,6,NEC,2,3,2,NEC,,,21,7,6,3,NEC,35.5,73.95993837
Burrin.0003809,233P,Colon,Contents,CSS,NEC,Fed,233,P,CSS,NEC-CSS,CSS-NEC,eg,Rosenbaum,M,11/7/2014,905,11/10/2014,12.5,N,973,497,82,294,69,260,3,2,4,1,NEC,1,1,0,Healthy,,,10,2,4,1,NEC,24.5,73.60469049
Burrin.0003758,233P,Ileum,Contents,CSS,NEC,Fed,233,P,CSS,NEC-CSS,CSS-NEC,eg,Rosenbaum,M,11/7/2014,905,11/10/2014,12.5,N,973,497,82,294,69,260,3,2,4,1,NEC,1,1,0,Healthy,,,10,2,4,1,NEC,24.5,73.60469049
Burrin.0003735,233P,Stomach,Contents,CSS,NEC,Fed,233,P,CSS,NEC-CSS,CSS-NEC,eg,Rosenbaum,M,11/7/2014,905,11/10/2014,12.5,N,973,497,82,294,69,260,3,2,4,1,NEC,1,1,0,Healthy,,,10,2,4,1,NEC,24.5,73.60469049
Burrin.0003917,233P,Colon,Tissue,CSS,NEC,Fed,233,P,CSS,NEC-CSS,CSS-NEC,eg,Rosenbaum,M,11/7/2014,905,11/10/2014,12.5,N,973,497,82,294,69,260,3,2,4,1,NEC,1,1,0,Healthy,,,10,2,4,1,NEC,24.5,73.60469049
Burrin.0003866,233P,Ileum,Tissue,CSS,NEC,Fed,233,P,CSS,NEC-CSS,CSS-NEC,eg,Rosenbaum,M,11/7/2014,905,11/10/2014,12.5,N,973,497,82,294,69,260,3,2,4,1,NEC,1,1,0,Healthy,,,10,2,4,1,NEC,24.5,73.60469049
